symbol,name,industry,price_date,market_price,fair_value,upside,pe_ratio,eps,nav_per_share,roe_annual
1470,大統新創,紡織纖維,2026-02-06,0.0,18.08445608881027,inf,33.04,0.32,11.37,11.25769569041337
4523,永彰,電機機械,2026-02-06,28.55,1219.157297852474,4170.253232407965,0.0,23.29,34.23,272.1589249196611
8422,可寧衛*,綠能環保,2026-02-06,34.7,414.6669354237993,1095.0055775901997,25.14,10.47,64.55,64.87993803253292
4303,信立,塑膠工業,2026-02-06,56.6,599.1951642791581,958.6487001398552,0.0,10.18,35.92,113.36302895322939
2915,潤泰全,貿易百貨業,2026-02-06,51.3,471.89197679124703,819.8674011525284,6.11,6.71,92.62,28.97862232779097
1817,凱撒衛,玻璃陶瓷,2026-02-06,38.55,345.26625349841197,795.6323047948431,9.5,2.75,29.66,37.0869858395145
3609,三一東林,電子零組件業,2026-02-06,35.95,279.3862180873185,677.1522060843353,0.0,7.31,14.67,199.3183367416496
2718,全心投控,建材營造業,2026-02-06,47.75,363.4441858353437,661.1396561996728,0.0,15.47,70.46,87.8228782287823
2498,宏達電,通信網路業,2026-02-06,44.9,315.5687623270017,602.8257512850818,6.51,7.88,31.98,98.56160100062539
6573,虹揚-KY,半導體業,2026-02-06,14.85,95.16696335293784,540.8549720736555,16.14,1.61,8.15,79.01840490797547
7780,大研生醫*,食品工業,2026-02-06,27.1,171.95340546907798,534.514411325011,82.12,3.44,66.03,20.83901257004392
2547,日勝生,建材營造業,2026-02-06,10.65,66.48370152088323,524.2601081773073,3.69,2.78,13.71,81.1086797957695
4552,力達-KY,電機機械,2026-02-06,23.45,141.80935655776474,504.7307315896151,11.84,1.72,51.45,13.37220602526725
6790,永豐實,造紙工業,2026-02-06,37.65,217.23707090988913,476.9908921909406,13.26,2.23,20.34,43.85447394296952
9949,琉園,文化創意業,2026-02-06,26.55,146.48016395328747,451.7143651724576,0.0,5.5,13.11,167.81083142639207
6962,奕力-KY,半導體業,2026-02-06,37.7,191.90507471541193,409.0320284228432,10.8,2.6,40.19,25.87708385170441
2603,長榮,航運業,2026-02-06,187.5,940.2426916683074,401.46276888976394,4.47,27.74,249.78,44.42309232124269
2316,楠梓電,電子零組件業,2026-02-06,95.5,476.30170519052814,398.7452410372022,7.9,10.81,64.22,67.33104951728434
1446,宏和,紡織纖維,2026-02-06,16.6,81.79572979683266,392.7453602218835,5.91,2.05,20.56,39.88326848249027
5227,立凱-KY,電子零組件業,2026-02-06,25.35,121.81622752056658,380.53738666890166,0.0,2.99,10.65,112.3004694835681
6684,安格,半導體業,2026-02-06,47.3,223.57622555134898,372.67700962230236,0.0,3.24,38.39,33.75879135191456
2514,龍邦,其他業,2026-02-06,14.65,69.21157105011896,372.4339320827233,8.83,1.43,35.08,16.305587229190422
4526,東台,電機機械,2026-02-06,33.85,158.29585516461117,367.63915853651747,59.39,2.61,19.46,53.64850976361767
3673,TPK-KY,光電業,2026-02-06,37.9,169.34818318712482,346.82897938555357,18.22,2.56,93.82,10.914517160520147
4560,強信-KY,電機機械,2026-02-06,32.0,142.92703592905903,346.6469872783095,11.23,2.16,27.05,31.940850277264328
9951,皇田,電機機械,2026-02-06,54.8,241.87393655558003,341.37579663427016,0.0,3.59,49.19,29.192925391339703
4961,天鈺,半導體業,2026-02-06,142.5,617.5896234800211,333.3962270035236,12.01,8.08,141.31,22.87170051659472
1580,新麥,電機機械,2026-02-06,129.5,555.888491428779,329.25752233882554,0.0,9.37,59.42,63.07640525075732
3592,瑞鼎,半導體業,2026-02-06,221.0,947.6862697307065,328.8173166202292,11.28,14.09,149.06,37.810277740507175
1307,三芳,塑膠工業,2026-02-06,31.1,132.7979533317879,327.0030653755238,10.51,2.01,23.73,33.881163084702905
1423,利華,紡織纖維,2026-02-06,37.85,161.0348925538907,325.45546249376673,8.86,4.06,39.53,41.08272198330381
1451,年興,紡織纖維,2026-02-06,17.35,73.08670559750043,321.2490236167171,9.86,1.45,36.58,15.855658829961728
6147,頎邦,半導體業,2026-02-06,52.9,219.79007752782465,315.48218814333586,0.0,2.62,61.41,17.065624491125224
6122,擎邦,電機機械,2026-02-06,50.8,206.7832791425274,307.0536990994634,0.0,3.44,24.07,57.16659742417948
5288,豐祥-KY,電機機械,2026-02-06,137.5,549.457400995288,299.60538254202766,9.39,8.74,82.31,42.473575507228766
1608,華榮,電器電纜,2026-02-06,32.6,129.92848156491007,298.5536244322395,6.65,4.75,21.82,87.07607699358387
4532,瑞智,電機機械,2026-02-06,25.5,100.37804894841939,293.6394076408603,12.32,1.5,19.88,30.181086519114693
1541,錩泰,電機機械,2026-02-06,24.55,96.33621743374164,292.40821765271545,16.93,1.32,25.68,20.560747663551403
3014,聯陽,半導體業,2026-02-06,115.5,452.61899597661505,291.8779185944719,12.3,7.62,39.95,76.29536921151438
4305,世坤,塑膠工業,2026-02-06,42.25,165.24932676461788,291.12266689850384,0.0,2.61,21.56,48.42300556586271
9904,寶成,運動休閒,2026-02-06,30.8,118.96567570175114,286.25219383685436,8.13,3.03,45.84,26.439790575916227
6165,浪凡,數位雲端,2026-02-06,41.1,158.08129741780863,284.6260277805562,12.05,3.02,20.86,57.90987535953979
4420,光明,紡織纖維,2026-02-06,50.9,195.59673898144555,284.2765009458655,0.0,5.23,37.02,56.509994597514854
4584,君帆,電機機械,2026-02-06,46.0,174.5153355092175,279.38116415047284,0.0,2.63,33.41,31.487578569290637
2615,萬海,航運業,2026-02-06,73.9,279.60792693313175,278.35984700017826,6.06,7.64,91.96,33.23183993040452
1108,幸福,水泥工業,2026-02-06,15.1,56.87094633919127,276.6287837032535,6.45,2.02,14.06,57.46799431009957
7715,裕山,綠能環保,2026-02-06,30.7,114.69158709108326,273.5882315670465,0.0,2.48,28.01,35.415922884684036
1535,中宇,電機機械,2026-02-06,48.0,178.6951374409564,272.28153633532577,12.06,2.79,29.31,38.07574206755373
3413,京鼎,半導體業,2026-02-06,281.5,1046.427514981903,271.73268738255877,12.04,16.22,140.09,46.313084445713464
5225,東科-KY,其他電子業,2026-02-06,95.3,352.4382202811871,269.8197484587483,8.15,9.66,42.91,90.0489396411093
6751,智聯服務,資訊服務業,2026-02-06,55.8,203.7839444443005,265.2042015130834,0.0,5.19,43.04,48.234200743494426
3687,歐買尬,數位雲端,2026-02-06,72.7,264.12516857468995,263.30834742048137,0.0,4.47,51.56,34.678044996121024
5519,隆大,建材營造業,2026-02-06,30.35,109.89418541619312,262.0895730352327,4.79,4.31,27.71,62.215806568025975
6114,久威,電子零組件業,2026-02-06,32.05,116.00644877922532,261.95459837511805,0.0,2.01,36.05,22.30235783633842
3078,僑威,電子零組件業,2026-02-06,61.0,220.2974297386102,261.1433274403446,0.0,4.97,30.53,65.11627906976743
2903,遠百,貿易百貨業,2026-02-06,23.1,83.41134021592406,261.0880528827881,13.83,1.12,21.7,20.645161290322584
6186,新潤,建材營造業,2026-02-06,46.45,167.69520091037086,261.0230374819609,0.0,7.56,26.06,116.039907904835
8213,志超,電子零組件業,2026-02-06,34.95,125.60323330996358,259.37978057214184,13.49,1.77,55.53,12.749864937871422
2609,陽明,航運業,2026-02-06,52.2,187.385993480303,258.9769990044119,6.67,4.24,91.7,18.495092693565976
8081,致新,半導體業,2026-02-06,225.0,807.1741384201928,258.74406152008567,12.9,13.05,89.11,58.57928403097296
6763,綠界科技*,數位雲端,2026-02-06,51.9,185.28285781844446,256.9997260470991,0.0,3.83,16.96,90.33018867924528
5299,杰力,半導體業,2026-02-06,72.6,258.6939937559761,256.32781509087624,0.0,3.3,62.79,21.0224558050645
8016,矽創,半導體業,2026-02-06,190.5,676.6834578125764,255.2144135499089,13.75,10.3,97.49,42.260744691763264
8383,千附,半導體業,2026-02-06,40.35,143.1724033248737,254.82627837639083,0.0,1.89,32.05,23.58814352574103
9945,潤泰新,其他業,2026-02-06,28.8,101.7954087620489,253.4562804237809,8.7,2.68,34.37,31.18999127145767
6525,捷敏-KY,半導體業,2026-02-06,78.3,276.6940052888855,253.37676282105423,13.23,4.38,33.79,51.84965966262208
6171,大城地產,建材營造業,2026-02-06,27.85,98.4094540194141,253.35531066216905,0.0,3.83,25.37,60.38628301143082
4966,譜瑞-KY,半導體業,2026-02-06,519.0,1832.4996966110311,253.08279318131622,0.0,27.63,273.77,40.36965335865873
4736,泰博,生技醫療業,2026-02-06,128.0,448.34839011548723,250.2721797777244,8.4,11.17,98.56,45.3327922077922
4123,晟德,生技醫療業,2026-02-06,39.4,137.03877455149805,247.81414860786305,0.0,3.52,27.64,50.94066570188133
8249,菱光,電子零組件業,2026-02-06,60.9,211.53150338254662,247.34237008628344,17.7,3.8,60.73,25.02881607113453
2477,美隆電,其他電子業,2026-02-06,23.4,81.14213397075605,246.7612562852823,13.68,1.58,25.29,24.990114669829975
3484,崧騰,電子零組件業,2026-02-06,49.25,170.69725620818744,246.59341362068514,0.0,3.35,39.07,34.29741489633991
7738,東聯互動,數位雲端,2026-02-06,165.5,572.1996023106695,245.7399409732142,0.0,11.58,58.51,79.16595453768586
4707,磐亞,化學工業,2026-02-06,10.0,34.57143084902972,245.71430849029716,0.0,0.61,14.88,16.397849462365592
3114,好德,電子零組件業,2026-02-06,25.65,88.38042889033677,244.5630755958549,0.0,1.64,23.49,27.926777352064708
4763,材料*-KY,化學工業,2026-02-06,52.0,178.97817881792935,244.1888054190949,6.81,4.94,18.0,109.7777777777778
4580,捷流閥業,電機機械,2026-02-06,80.8,276.5199562879909,242.22766867325606,0.0,4.09,56.99,28.706790665028954
4417,金洲,紡織纖維,2026-02-06,51.9,177.54557747378013,242.09167143310236,0.0,4.69,35.61,52.681830946363384
4951,精拓科,半導體業,2026-02-06,68.7,233.11678123567768,239.32573687871565,0.0,3.74,26.73,55.96707818930041
3622,洋華,光電業,2026-02-06,61.7,209.14282537662658,238.96730206908677,10.98,4.89,50.85,38.46607669616519
2387,精元,電腦及週邊設備業,2026-02-06,38.3,129.79763259235492,238.89721303486925,7.47,2.56,51.35,19.941577409931842
6194,育富,電子零組件業,2026-02-06,33.3,112.58865928830862,238.10408194687275,0.0,1.84,39.26,18.746816097809475
3034,聯詠,半導體業,2026-02-06,365.0,1228.1978876054375,236.49257194669522,12.72,20.8,104.49,79.62484448272562
2816,旺旺保,金融保險業,2026-02-06,28.25,94.370001724153,234.0531034483292,6.49,2.67,33.89,31.513720861611095
5236,凌陽創新,半導體業,2026-02-06,119.0,397.2482173304159,233.8220313700974,0.0,6.47,42.24,61.26893939393939
2488,漢平,其他電子業,2026-02-06,46.05,153.3542871813279,233.01691027432767,9.23,3.53,33.51,42.136675619218146
3716,中化控股,生技醫療業,2026-02-06,33.75,112.23098758676947,232.536259516354,16.79,1.87,50.88,14.70125786163522
2357,華碩,電腦及週邊設備業,2026-02-06,508.0,1676.9140502590556,230.1011909958771,10.85,44.63,346.61,51.50457286287181
6596,寬宏藝術,文化創意業,2026-02-06,141.0,465.32545979991573,230.0180565956849,0.0,17.41,42.44,164.0904806786051
1409,新纖,紡織纖維,2026-02-06,14.95,48.99110424355634,227.69969393683178,12.56,0.97,24.63,15.753146569224524
3492,長盛,電子零組件業,2026-02-06,24.9,81.53347690797776,227.44368236135645,0.0,1.63,17.67,36.89869835880022
1218,泰山,食品工業,2026-02-06,18.05,58.21105391629349,222.49891366367578,13.78,1.07,26.09,16.404752778842468
1558,伸興,電機機械,2026-02-06,95.0,306.3233359881729,222.4456168296557,17.09,4.27,77.48,22.044398554465666
6272,驊陞,電子零組件業,2026-02-06,41.2,132.72274524317953,222.14258554169785,15.04,2.94,19.93,59.00652282990466
2204,中華,汽車工業,2026-02-06,56.2,180.93036280978944,221.94014734837978,10.83,3.9,66.0,23.636363636363637
2617,台航,航運業,2026-02-06,30.05,96.41366275702995,220.84413563071533,9.72,2.36,40.69,23.199803391496683
2636,台驊控股,航運業,2026-02-06,65.2,208.9613706522998,220.49289977346592,7.97,5.81,65.69,35.378291977469935
2534,宏盛,建材營造業,2026-02-06,20.1,64.22120156446641,219.50846549485777,8.07,1.85,31.58,23.432552248258393
2107,厚生,橡膠工業,2026-02-06,24.7,78.85102468724627,219.23491776213064,15.25,1.52,42.87,14.182411943083743
3227,原相,半導體業,2026-02-06,187.0,593.7974879047432,217.5387635854242,0.0,9.26,77.48,47.805885389778005
8114,振樺電,電腦及週邊設備業,2026-02-06,175.5,557.0385237687105,217.40086824427954,9.0,15.84,92.29,68.65315852205005
3303,岱稜,其他電子業,2026-02-06,44.6,141.35988014948532,216.95040392261285,0.0,3.52,24.66,57.09651257096513
3306,鼎天,通信網路業,2026-02-06,46.1,145.60720530703438,215.85077073109412,0.0,1.81,68.38,10.587891196256216
1416,廣豐,其他業,2026-02-06,11.7,36.87029944467291,215.13076448438383,15.0,0.65,22.62,11.494252873563218
2380,虹光,電腦及週邊設備業,2026-02-06,4.91,15.469231389904897,215.0556291222993,0.0,0.47,1.95,96.41025641025641
6556,勝品,光電業,2026-02-06,67.8,212.90703108445146,214.0221697410789,0.0,4.92,53.56,36.743838685586255
2910,統領,貿易百貨業,2026-02-06,20.9,65.58620446873626,213.80959075950364,17.42,0.9,15.45,23.300970873786408
3501,維熹,電子零組件業,2026-02-06,50.8,159.29243967301954,213.56779463192822,11.12,2.59,56.07,18.476903870162296
2641,正德,航運業,2026-02-06,19.4,60.554492155170095,212.13655750087682,0.0,1.55,23.25,26.666666666666668
6474,華豫寧,電子通路業,2026-02-06,35.75,111.53573256606876,211.98806312187065,0.0,2.84,30.61,37.11205488402483
8261,富鼎,半導體業,2026-02-06,89.9,279.7187322854328,211.14430732528672,16.02,4.05,48.17,33.63089059580652
2459,敦吉,其他電子業,2026-02-06,65.1,202.43739275459401,210.96373695022126,11.84,4.39,51.01,34.4246226230151
2701,萬企,觀光餐旅,2026-02-06,10.9,33.86011883103229,210.64329202781917,21.8,0.49,18.25,10.73972602739726
5538,東明-KY,鋼鐵工業,2026-02-06,30.15,93.4583537807349,209.97795615500797,11.17,2.27,34.45,26.357039187227866
3317,尼克森,半導體業,2026-02-06,46.65,144.5562508576726,209.87406400358543,0.0,1.83,35.69,20.509946763799388
2852,第一保,金融保險業,2026-02-06,27.35,84.72398496320265,209.7769102859329,9.63,2.43,29.47,32.9826942653546
7712,博盛半導體,半導體業,2026-02-06,85.7,265.3052364964153,209.57437164109137,0.0,3.57,56.57,25.24306169347711
6509,聚和,化學工業,2026-02-06,33.8,104.40221732331004,208.88229977310667,0.0,2.35,25.6,36.71875
5206,坤悅,建材營造業,2026-02-06,29.9,92.07556409415069,207.94503041521972,0.0,3.69,21.77,67.79972439136426
6278,台表科,光電業,2026-02-06,96.3,296.49883059395046,207.89078981718637,10.34,6.9,73.09,37.76166370228486
6807,峰源-KY,居家生活,2026-02-06,45.55,140.160115157563,207.70607059838207,6.98,3.77,45.31,33.28183623924079
6208,日揚,半導體業,2026-02-06,44.55,137.03718630259897,207.60311179034562,0.0,1.78,31.9,22.31974921630094
6271,同欣電,半導體業,2026-02-06,147.5,451.8921297943427,206.36754562328318,20.43,5.41,125.22,17.281584411435873
4942,嘉彰,光電業,2026-02-06,37.05,113.48472010411928,206.30153874256217,12.43,1.77,60.45,11.712158808933001
4439,冠星-KY,紡織纖維,2026-02-06,102.5,313.44769460146694,205.80262887947995,17.61,7.71,84.66,36.42806520198441
2458,義隆,半導體業,2026-02-06,117.0,357.5004772139907,205.55596343076127,14.5,5.96,33.45,71.27055306427503
2385,群光,電子零組件業,2026-02-06,119.5,364.6642994551667,205.15840958591357,10.55,8.01,56.72,56.48801128349788
2528,皇普,建材營造業,2026-02-06,27.0,82.34027236888264,204.96397173660233,3.88,3.39,17.88,75.83892617449665
3426,台興,電機機械,2026-02-06,45.75,139.11441756847955,204.07522965787882,0.0,2.09,26.97,30.99740452354468
8473,山林水,綠能環保,2026-02-06,36.7,111.22117590248787,203.05497521113858,17.56,2.05,37.2,22.04301075268817
1565,精華,生技醫療業,2026-02-06,114.0,345.35993694983273,202.94731311388836,0.0,6.69,127.25,21.029469548133598
6435,大中,半導體業,2026-02-06,130.0,393.5196334212196,202.7074103240151,0.0,6.13,51.59,47.5285908121729
3605,宏致,電子零組件業,2026-02-06,61.1,184.60062342937798,202.1286799171489,14.55,3.51,46.1,30.455531453362255
4581,光隆精密-KY,汽車工業,2026-02-06,50.5,152.29171148946793,201.56774552369887,9.51,3.91,33.97,46.04062408007065
2115,六暉-KY,汽車工業,2026-02-06,23.95,72.15515605221195,201.2741380050603,11.86,1.48,29.28,20.21857923497268
6996,力領科技,半導體業,2026-02-06,163.0,490.067959374346,200.6551898002123,0.0,7.74,60.47,51.19894162394576
6591,動力-KY,電腦及週邊設備業,2026-02-06,64.2,192.88737243287656,200.44762061195723,12.94,4.65,51.93,35.81744656268053
2010,春源,鋼鐵工業,2026-02-06,21.85,65.37561869800875,199.20191623802629,9.84,1.74,19.04,36.5546218487395
8011,台通,通信網路業,2026-02-06,20.1,59.87626083740923,197.89184496223493,7.56,1.0,19.26,20.768431983385252
7791,皇家可口,食品工業,2026-02-06,70.2,208.97202608330954,197.68094883662326,11.53,5.38,40.53,53.09647174932148
1603,華電,電器電纜,2026-02-06,38.45,114.42173282396135,197.58578107662248,10.48,3.03,46.51,26.058912061922168
1708,東鹼,化學工業,2026-02-06,34.15,101.53324324813639,197.31549999454285,11.5,2.2,27.82,31.63191948238677
1336,台翰,電子零組件業,2026-02-06,15.6,46.37986171731657,197.30680588023444,0.0,0.6,22.9,10.480349344978167
4933,友輝,光電業,2026-02-06,56.2,166.66922142426827,196.5644509328617,0.0,3.81,43.23,35.25329632199862
1725,元禎,化學工業,2026-02-06,26.4,78.0997184114741,195.83226671012918,16.4,1.37,33.96,16.13663133097762
6221,晉泰,資訊服務業,2026-02-06,28.8,84.88899482484571,194.7534542529365,0.0,1.84,24.8,29.677419354838708
3052,夆典,建材營造業,2026-02-06,11.45,33.65042964023324,193.89021519854361,9.54,0.95,17.09,22.235225277940316
3388,崇越電,電子零組件業,2026-02-06,61.9,181.5584171549898,193.30923611468464,0.0,3.06,59.69,20.505947394873512
7753,星亞,光電業,2026-02-06,42.45,124.38772788000004,193.02173823321561,0.0,3.23,21.05,61.37767220902612
2706,第一店,觀光餐旅,2026-02-06,12.8,37.503851431915756,192.99883931184183,22.07,0.56,19.57,11.446090955544202
3062,建漢,通信網路業,2026-02-06,24.05,70.15019128597267,191.6847870518614,17.3,1.47,13.84,42.48554913294797
5871,中租-KY,其他業,2026-02-06,105.0,305.7959965336095,191.23428241296145,10.17,8.45,92.86,36.398880034460475
6170,統振,通信網路業,2026-02-06,50.0,145.4430692840842,190.8861385681684,0.0,3.38,20.36,66.40471512770138
1537,廣隆,電機機械,2026-02-06,123.0,357.76813127601736,190.8683994113962,14.86,5.76,50.33,45.77786608384661
6532,瑞耘,半導體業,2026-02-06,54.3,157.8071302199346,190.62086596673043,0.0,2.25,28.54,31.534688156972674
6261,久元,半導體業,2026-02-06,72.4,210.29857471262468,190.46764463069707,0.0,2.7,50.3,21.471172962226643
4207,環泰,食品工業,2026-02-06,18.9,54.871025540369395,190.32288645698094,0.0,1.31,13.7,38.24817518248175
2505,國揚,建材營造業,2026-02-06,18.85,54.69901661102239,190.1804594749198,11.22,1.54,27.9,22.078853046594986
6136,富爾特,通信網路業,2026-02-06,23.85,69.00491962766357,189.32880347028748,23.38,0.95,29.03,13.089906992766103
2248,華勝-KY,汽車工業,2026-02-06,46.1,132.91307694657038,188.31470053485984,9.6,3.36,31.27,42.980492484809716
4111,濟生,生技醫療業,2026-02-06,29.65,85.27931678282538,187.61995542268258,0.0,1.98,22.33,35.467980295566505
6104,創惟,半導體業,2026-02-06,96.0,275.77557134841845,187.26622015460254,0.0,4.65,24.11,77.14641227706348
6279,胡連,電子零組件業,2026-02-06,111.5,319.02722679098497,186.12307335514348,0.0,6.27,72.72,34.48844884488448
2379,瑞昱,半導體業,2026-02-06,472.5,1349.9918866968208,185.71256861308376,15.64,23.59,92.5,102.01081081081081
2618,長榮航,航運業,2026-02-06,38.6,110.02002488231881,185.02597119771713,8.01,3.43,24.39,56.25256252562526
6637,醫影,生技醫療業,2026-02-06,76.9,218.9545166516584,184.72628953401608,0.0,5.8,40.18,57.74016923842707
5287,數字,數位雲端,2026-02-06,165.0,468.5339060209213,183.9599430429826,0.0,9.92,37.3,106.38069705093835
4167,松瑞藥,生技醫療業,2026-02-06,19.95,56.49930292733751,183.20452595156647,0.0,1.43,11.89,48.107653490328
6651,全宇昕,半導體業,2026-02-06,98.0,276.7071618676933,182.35424680376866,0.0,4.35,34.86,49.91394148020654
6192,巨路,其他電子業,2026-02-06,119.0,335.7053285282736,182.1053180909862,10.83,7.66,75.01,40.847886948406874
1529,樂事綠能,電機機械,2026-02-06,22.6,63.71086923804376,181.90650105329095,30.54,0.97,11.69,33.19076133447391
2206,三陽工業,汽車工業,2026-02-06,60.7,170.7504606494961,181.30224159719288,10.12,4.6,31.74,57.971014492753625
7805,威聯通,數位雲端,2026-02-06,560.0,1573.3521203606658,180.95573577869033,0.0,30.84,186.66,66.08807457409193
2303,聯電,半導體業,2026-02-06,61.9,173.44656536860012,180.20446747754463,19.34,2.54,28.76,35.32684283727399
5469,瀚宇博,電子零組件業,2026-02-06,93.6,262.02351793155043,179.93965590977612,14.38,4.93,67.25,29.323420074349443
1709,和益,化學工業,2026-02-06,16.8,47.00632102288481,179.79952989812386,16.31,0.87,18.53,18.780356179168916
4173,久裕,生技醫療業,2026-02-06,21.3,59.575071141886724,179.69516968021938,0.0,1.01,26.44,15.279878971255673
2905,三商,貿易百貨業,2026-02-06,15.3,42.68925789522479,179.01475748512934,40.26,0.53,15.0,14.133333333333335
4915,致伸,電子零組件業,2026-02-06,80.8,225.23829716089116,178.7602687634792,14.3,4.76,40.64,46.85039370078739
8446,華研,文化創意業,2026-02-06,93.7,260.94994242278375,178.4951359901641,0.0,8.61,40.47,85.10007412898443
6021,美好證,金融保險業,2026-02-06,30.45,84.78171316656942,178.4292714829866,0.0,2.46,28.68,34.30962343096235
3679,新至陞,電子零組件業,2026-02-06,113.0,314.1517412247693,178.01039046439763,10.08,6.15,72.42,33.96851698425849
4974,亞泰,電子零組件業,2026-02-06,74.6,206.74040278900068,177.1319072238615,0.0,4.19,42.95,39.022118742724096
2612,中航,航運業,2026-02-06,59.9,165.8477567587398,176.87438523996627,8.35,4.21,64.85,25.96761757902853
2031,新光鋼,鋼鐵工業,2026-02-06,38.55,106.47377095910538,176.19655242310088,15.93,2.67,36.35,29.381017881705638
6690,安硌穈T,數位雲端,2026-02-06,161.5,445.13661134346876,175.626384732798,0.0,7.07,101.5,27.862068965517246
3356,奇偶,光電業,2026-02-06,47.1,129.80574580498072,175.59606328021385,8.82,3.16,27.82,45.43493889288282
6961,旅天下,觀光餐旅,2026-02-06,59.2,163.14173121960388,175.5772486817633,0.0,4.06,35.34,45.95359366157328
8279,生展,生技醫療業,2026-02-06,130.5,358.1868149645309,174.47265514523443,0.0,8.62,86.13,40.03250899802624
4754,國碳科,化學工業,2026-02-06,38.2,104.82616705815632,174.41404989046154,0.0,2.63,17.34,60.66897347174164
2501,國建,建材營造業,2026-02-06,22.0,60.24627071081903,173.8466850491774,9.05,1.91,25.03,30.52337195365561
1730,花仙子,化學工業,2026-02-06,53.1,145.3610115643494,173.74955096864298,11.99,3.42,30.84,44.3579766536965
5483,中美晶,半導體業,2026-02-06,116.5,318.2319473899949,173.16046986265656,0.0,4.07,76.79,21.200677171506708
5269,祥碩,半導體業,2026-02-06,1235.0,3368.295682400573,172.7364925020707,18.99,52.62,436.17,48.25641378361647
5511,德昌,建材營造業,2026-02-06,66.5,181.05445389306362,172.26233668129868,0.0,6.56,56.39,46.53307323993616
2415,錩新,電子零組件業,2026-02-06,26.3,71.50748168148486,171.8915653288398,16.14,1.37,17.5,31.314285714285717
3611,鼎翰,電腦及週邊設備業,2026-02-06,191.5,519.5774782333011,171.31983197561416,0.0,13.9,105.71,52.59672689433356
1726,永記,化學工業,2026-02-06,75.8,205.07317546863524,170.54508637023122,13.21,4.28,62.04,27.595099935525468
3311,閎暉,通信網路業,2026-02-06,31.0,83.57440052064051,169.59484038916293,24.41,1.15,35.18,13.075611142694713
2069,運錩,鋼鐵工業,2026-02-06,18.8,50.65052842088679,169.4177043664191,11.82,1.1,23.55,18.683651804670916
3545,敦泰,半導體業,2026-02-06,52.2,140.38910850451907,168.9446523075078,22.12,1.55,44.88,13.814616755793226
6666,羅麗芬-KY,生技醫療業,2026-02-06,44.2,118.76272917537193,168.69395741034373,18.49,2.63,34.44,30.545876887340302
4535,至興,電機機械,2026-02-06,29.75,79.73586278176668,168.01970682946785,0.0,0.92,32.02,11.492816989381636
7716,昱臺國際,航運業,2026-02-06,25.7,68.83193455699956,167.828539132294,0.0,1.96,20.28,38.65877712031558
2610,華航,航運業,2026-02-06,22.65,60.602724627249096,167.5616981335501,9.17,1.81,15.5,46.70967741935484
4506,崇友,電機機械,2026-02-06,112.0,299.6350421034777,167.5312875923908,0.0,5.06,31.63,63.98988302244704
5283,禾聯碩,電器電纜,2026-02-06,59.6,159.29521379522876,167.27384864971268,9.85,4.23,64.41,26.269212855146723
2441,超豐,半導體業,2026-02-06,83.8,223.07913444417838,166.20421771381672,19.95,3.18,40.37,31.508545949962848
6811,宏硌穈T,數位雲端,2026-02-06,207.0,550.8039892426887,166.0888836921201,0.0,11.25,53.75,83.72093023255815
3217,優群,電子零組件業,2026-02-06,153.5,408.43365866908044,166.08055939353775,0.0,9.47,49.64,76.30942788074134
3206,志豐,電子零組件業,2026-02-06,31.75,84.22696560226579,165.28178142445918,0.0,1.49,25.03,23.811426288453855
3257,虹冠電,半導體業,2026-02-06,63.5,168.29594809972065,165.03298913341834,21.1,2.65,21.05,50.3562945368171
6971,惠民實業,綠能環保,2026-02-06,29.85,78.9719222774197,164.5625536931983,0.0,1.59,22.5,28.26666666666667
2897,王道銀行,金融保險業,2026-02-06,9.3,24.51623306908831,163.61540934503557,12.92,0.53,14.35,14.77351916376307
2851,中再保,金融保險業,2026-02-06,27.0,71.00355792470914,162.9761404618857,10.76,2.0,25.76,31.05590062111801
5547,久舜,建材營造業,2026-02-06,22.95,60.31484178101985,162.80976810901896,0.0,2.3,16.46,55.893074119076545
2640,大車隊,數位雲端,2026-02-06,123.5,324.2438084179648,162.54559386070022,0.0,6.51,34.47,75.54395126196692
9908,大台北,油電燃氣業,2026-02-06,29.75,77.70095722839145,161.17968816266034,17.4,1.54,27.35,22.522851919561244
6605,帝寶,汽車工業,2026-02-06,145.5,379.9895323487283,161.16119061768268,10.6,8.84,114.81,30.798710913683475
6024,群益期,金融保險業,2026-02-06,50.6,132.08908680100922,161.04562608895102,10.56,4.0,40.07,39.9301222859995
1527,鑽全,電機機械,2026-02-06,33.9,88.45999482926493,160.9439375494541,24.57,1.04,34.24,12.149532710280374
5315,光聯,光電業,2026-02-06,25.05,65.30183312483216,160.68596057817228,0.0,1.53,15.78,38.78326996197719
2820,華票,金融保險業,2026-02-06,16.35,42.59620709003652,160.52726048952,12.98,1.05,20.22,20.77151335311573
4442,竣邦-KY,紡織纖維,2026-02-06,55.8,145.1010736261876,160.03776635517494,0.0,3.98,24.11,66.03069265864787
2420,新巨,電子零組件業,2026-02-06,50.2,130.34510259818555,159.65159880116641,13.68,2.72,24.59,44.2456283041887
8415,大國鋼,鋼鐵工業,2026-02-06,34.05,88.37912705644213,159.5569076547493,0.0,2.35,25.81,36.41999225106548
9941,裕融,其他業,2026-02-06,78.7,203.83928621638407,159.00798756846768,12.15,5.8,57.73,40.18707777585311
3357,臺慶科,電子零組件業,2026-02-06,146.5,379.1286601881934,158.7908943264119,0.0,7.84,73.77,42.51050562559306
7704,明遠精密,半導體業,2026-02-06,44.6,115.40285449338661,158.75079482822107,0.0,1.35,33.4,16.167664670658684
3617,碩天,其他電子業,2026-02-06,188.0,486.28534599154233,158.6624180806076,10.03,11.6,96.52,48.07293825113966
1102,亞泥,水泥工業,2026-02-06,35.5,91.7689148513792,158.5039854968428,10.6,2.42,49.06,19.730941704035875
8255,朋程,電機機械,2026-02-06,126.5,325.51958505889365,157.32773522442184,0.0,4.64,76.58,24.236092974667013
2393,億光,光電業,2026-02-06,58.8,151.1952451679323,157.13477069376245,11.31,3.34,42.96,31.098696461824954
6203,海韻電,電子零組件業,2026-02-06,63.8,163.9450718600789,156.96719727285097,0.0,3.28,35.45,37.00987306064879
6016,康和證,金融保險業,2026-02-06,15.75,40.42163841085513,156.64532324352464,0.0,1.11,15.52,28.608247422680417
3630,新鉅科,光電業,2026-02-06,33.25,85.33236346791422,156.63868712154652,0.0,2.19,15.13,57.89821546596167
6212,理銘,建材營造業,2026-02-06,37.8,96.99482820241343,156.60007460955936,0.0,3.26,35.84,36.38392857142856
3213,茂訊,電腦及週邊設備業,2026-02-06,98.5,252.68079095192027,156.52872177859928,0.0,6.08,68.33,35.59198009659008
4571,鈞興-KY,電機機械,2026-02-06,174.0,445.7449291738326,156.17524665162793,17.94,7.33,55.67,52.667504939823964
3130,一零四,數位雲端,2026-02-06,223.5,571.3949210090824,155.65768277811293,15.57,11.96,48.73,98.17360968602506
4746,台耀,生技醫療業,2026-02-06,56.1,143.4067188937001,155.62694989964365,28.05,2.44,63.36,15.404040404040403
3702,大聯大,電子通路業,2026-02-06,63.0,160.90467612643076,155.40424781973138,11.91,4.07,44.8,36.339285714285715
1714,和桐,化學工業,2026-02-06,9.12,23.282797368364243,155.29383079346758,21.21,0.37,11.84,12.5
2945,三商家購,貿易百貨業,2026-02-06,42.05,107.33592384674775,155.2578450576641,21.02,1.44,28.03,20.54941134498751
1720,生達,生技醫療業,2026-02-06,60.9,155.45080694407366,155.25584063066282,12.18,3.91,33.29,46.981075398017424
6266,泰詠,電子零組件業,2026-02-06,28.55,72.7598665024974,154.85067076181227,0.0,1.45,15.92,36.4321608040201
9931,欣高,油電燃氣業,2026-02-06,33.8,86.08958028778005,154.70290025970434,12.38,1.86,25.93,28.692634014654843
8410,森田,電腦及週邊設備業,2026-02-06,37.5,95.43742562195708,154.4998016585522,0.0,1.54,49.26,12.505075111652458
1103,嘉泥,水泥工業,2026-02-06,13.85,35.24419020033536,154.4706873670423,32.21,0.73,27.67,10.552945428261655
2478,大毅,電子零組件業,2026-02-06,58.2,147.85225327429168,154.04167229259738,16.72,2.53,47.15,21.463414634146343
2474,可成,其他電子業,2026-02-06,200.0,507.96578737674605,153.98289368837303,14.63,7.45,233.45,12.765046048404372
4735,豪展,生技醫療業,2026-02-06,31.95,81.07292013623531,153.74935879885857,0.0,1.73,25.29,27.36259391063662
1341,富林-KY,塑膠工業,2026-02-06,58.9,149.40496205537534,153.65867921116356,14.69,2.32,22.29,41.63301929116196
6741,91APP*-KY,數位雲端,2026-02-06,64.3,163.07217213250132,153.61146521384345,0.0,2.95,26.16,45.10703363914374
2020,美亞,鋼鐵工業,2026-02-06,23.9,60.60551057001313,153.57954213394618,12.51,1.66,16.21,40.96236890808142
1436,華友聯,建材營造業,2026-02-06,58.5,148.34105548995169,153.57445382897723,8.72,6.01,33.91,70.8935417281038
2331,精英,電腦及週邊設備業,2026-02-06,25.25,64.00765613533481,153.49566786271214,21.04,1.44,20.04,28.74251497005988
6411,晶焱,半導體業,2026-02-06,77.6,196.6011359265212,153.35197928675416,0.0,2.46,49.79,19.763004619401485
6176,瑞儀,光電業,2026-02-06,123.5,312.6663805520652,153.1711583417532,10.81,7.41,72.99,40.60830250719277
2745,五福,觀光餐旅,2026-02-06,107.5,271.29724811904725,152.36953313399744,0.0,8.23,26.92,122.28826151560179
2211,長榮鋼,鋼鐵工業,2026-02-06,104.0,261.9334897050822,151.85912471642519,12.28,7.36,64.59,45.57981111627187
3152,璟德,通信網路業,2026-02-06,145.0,364.6846961108967,151.50668697303223,0.0,8.22,57.18,57.502623294858346
4148,全宇生技-KY,生技醫療業,2026-02-06,37.85,95.17541744034025,151.45420724000067,18.46,1.75,37.91,18.464785017145875
2483,百容,電子零組件業,2026-02-06,20.0,50.25310740825078,151.2655370412539,35.71,0.68,23.46,11.594202898550725
4938,和碩,電腦及週邊設備業,2026-02-06,70.3,176.61132779787775,151.22521735117746,14.65,3.42,71.87,19.034367608181437
1777,生泰,生技醫療業,2026-02-06,71.2,178.79555716917423,151.11735557468288,0.0,3.81,55.92,27.253218884120173
5215,科嘉-KY,電腦及週邊設備業,2026-02-06,37.6,94.16240343819065,150.43192403774108,16.21,1.4,53.0,10.566037735849056
3332,幸康,電子零組件業,2026-02-06,60.4,151.15467818690323,150.25608971341592,0.0,2.91,36.51,31.881676253081352
4536,拓凱,運動休閒,2026-02-06,158.0,395.3963985483756,150.25088515719975,8.41,12.08,99.27,48.675329908330816
6201,亞弘電,其他電子業,2026-02-06,53.9,134.83796099682718,150.16319294402075,11.9,3.06,30.54,40.07858546168959
1234,黑松,食品工業,2026-02-06,36.9,92.13901462762642,149.69922663313395,18.83,1.57,46.52,13.49957007738607
6899,創為精密,光電業,2026-02-06,51.8,129.31784534660665,149.64835008997423,0.0,2.65,43.8,24.200913242009133
3694,海華,通信網路業,2026-02-06,57.9,144.4439715466171,149.47145344838876,15.16,3.27,22.3,58.65470852017937
5515,建國,建材營造業,2026-02-06,31.9,79.37447572843202,148.8228079261192,8.22,2.91,24.01,48.47980008329863
6121,新普,電腦及週邊設備業,2026-02-06,339.5,843.5682776607572,148.4737194877046,0.0,21.26,203.34,41.82157962034032
5609,中菲行,航運業,2026-02-06,78.1,193.5358595275784,147.80519785861512,0.0,6.13,40.52,60.51332675222112
6414,樺漢,電腦及週邊設備業,2026-02-06,280.5,694.3629226978936,147.54471397429364,11.86,17.04,179.09,38.0590764420124
2363,矽統,半導體業,2026-02-06,49.15,121.60355926090294,147.41314193469572,34.37,1.46,33.51,17.4276335422262
1618,合機,電器電纜,2026-02-06,43.45,107.41520173652657,147.2156541692211,10.2,3.26,32.47,40.16014782876501
1437,勤益控,其他業,2026-02-06,32.0,78.72571389645037,146.0178559264074,15.24,1.6,40.79,15.690120127482226
1582,信錦,電子零組件業,2026-02-06,67.4,165.67836364074273,145.81359590614647,14.81,2.98,47.43,25.131773139363272
2428,興勤,電子零組件業,2026-02-06,167.0,410.1756649156414,145.6141706081685,14.43,8.43,81.46,41.39454947213356
6910,德鴻,數位雲端,2026-02-06,35.5,87.08651680182878,145.3141318361374,0.0,1.62,12.7,51.023622047244096
9938,百和,其他業,2026-02-06,51.9,127.30219071266337,145.2836044559988,12.07,3.37,42.49,31.725111791009645
4438,廣越,紡織纖維,2026-02-06,67.1,164.5340924177001,145.2072912335322,28.43,3.43,73.33,18.709941360970955
9905,大華,其他業,2026-02-06,19.95,48.673152408568626,143.97570129608334,15.47,0.98,25.53,15.35448491970231
2731,雄獅,觀光餐旅,2026-02-06,184.0,447.5101587580627,143.21204280329493,11.81,13.31,49.33,107.92621123048856
7767,仁大資訊,資訊服務業,2026-02-06,46.7,113.5701660090147,143.1909336381471,0.0,2.74,27.1,40.44280442804428
5876,上海商銀,金融保險業,2026-02-06,39.95,97.15343574136587,143.18757382069052,12.64,2.56,40.66,25.184456468273492
6771,平和環保-創,,2026-02-06,44.0,106.78047875540786,142.6829062622906,10.71,3.16,27.84,45.40229885057471
5306,桂盟,運動休閒,2026-02-06,90.7,219.99673358042438,142.55428178657593,11.75,6.27,66.39,37.7767736104835
2375,凱美,電子零組件業,2026-02-06,81.1,196.6858368946263,142.52261022765268,21.06,2.77,87.03,12.731242100425142
2904,匯僑,其他業,2026-02-06,17.05,41.30322499733839,142.24765394333366,11.84,1.0,16.38,24.420024420024422
2834,臺企銀,金融保險業,2026-02-06,15.4,37.284690516931825,142.1083799800768,12.32,1.01,14.74,27.408412483039346
5410,國眾,資訊服務業,2026-02-06,29.8,72.12655628582151,142.03542377792454,0.0,1.79,16.18,44.2521631644005
3188,鑫龍騰,建材營造業,2026-02-06,29.8,72.06302433267787,141.82222930428816,0.0,2.93,16.29,71.94597912829957
6419,京晨科,光電業,2026-02-06,69.0,166.57138455821647,141.4078037075601,0.0,4.29,29.13,58.90834191555098
3596,智易,通信網路業,2026-02-06,179.0,432.0102253976027,141.34649463553222,14.51,9.52,73.14,52.06453377085042
4554,橙的,其他電子業,2026-02-06,26.85,64.7922789903376,141.31202603477692,0.0,1.32,18.58,28.417653390742736
2472,立隆電,電子零組件業,2026-02-06,104.0,250.93802241425462,141.28656001370638,14.34,5.19,48.8,42.54098360655738
8942,森鉅,其他業,2026-02-06,36.9,88.60587569263372,140.12432437028107,0.0,1.74,47.98,14.506044185077116
8032,光菱,電子通路業,2026-02-06,36.15,86.59772755247997,139.5511135614937,0.0,1.45,44.75,12.960893854748603
3026,禾伸堂,電子零組件業,2026-02-06,103.0,246.0793065859515,138.9119481417005,16.8,4.75,59.01,32.19793255380444
1256,鮮活果汁-KY,食品工業,2026-02-06,165.0,394.1369393162872,138.87087231290133,17.06,9.32,101.24,36.823389964440935
3689,湧德,電子零組件業,2026-02-06,111.0,265.078873892391,138.80979629945136,0.0,5.52,50.37,43.83561643835616
8432,東生華,生技醫療業,2026-02-06,56.1,133.80026770398854,138.50315098750187,0.0,3.01,37.55,32.06391478029294
8077,洛,觀光餐旅,2026-02-06,45.7,108.6920552582453,137.83819531344705,0.0,2.87,19.6,58.57142857142858
5457,宣德,電子零組件業,2026-02-06,36.8,87.37863280299128,137.44193696465024,0.0,1.54,26.18,23.52941176470588
6788,華景電,半導體業,2026-02-06,304.5,722.0418729316831,137.12376779365619,0.0,12.09,65.85,73.43963553530753
4106,雃博,生技醫療業,2026-02-06,22.95,54.382858175804806,136.96234499261354,16.75,0.92,24.2,15.206611570247935
2912,統一超,貿易百貨業,2026-02-06,224.0,529.9074174063616,136.5658113421257,20.88,8.56,37.9,90.34300791556728
7547,碩網,數位雲端,2026-02-06,55.7,131.66783818031314,136.38750122138802,0.0,2.13,28.78,29.603891591382904
1713,國化,化學工業,2026-02-06,46.4,109.63954910207343,136.29213168550308,4.69,2.56,23.88,42.88107202680067
8463,潤泰材,其他業,2026-02-06,26.6,62.633950895283924,135.46598080933805,12.43,1.84,16.35,45.015290519877674
2450,神腦,通信網路業,2026-02-06,28.9,67.88752581784242,134.9049336257523,18.06,1.06,24.24,17.491749174917494
2006,東和鋼鐵,鋼鐵工業,2026-02-06,70.9,166.50124031377445,134.8395491026438,11.58,4.55,44.85,40.57971014492753
6191,精成科,電子零組件業,2026-02-06,104.0,243.8587251675239,134.47954343031142,18.06,5.02,48.17,41.685696491592275
3118,進階,生技醫療業,2026-02-06,32.75,76.67260465579692,134.11482337647914,0.0,1.89,17.34,43.59861591695501
2643,捷迅,航運業,2026-02-06,72.6,169.93613318387887,134.0718087932216,0.0,4.7,54.17,34.705556581133465
2545,皇翔,建材營造業,2026-02-06,36.9,86.30790822808582,133.89677026581523,10.19,2.58,39.89,25.871145650538985
1731,美吾華,生技醫療業,2026-02-06,21.85,51.10443656960189,133.88758155424202,16.68,1.1,15.68,28.061224489795922
2066,世德,電機機械,2026-02-06,49.95,116.64015027640464,133.51381436717645,0.0,1.33,47.9,11.106471816283927
2070,精湛,電機機械,2026-02-06,39.6,92.46829745442732,133.50580165259422,0.0,1.25,25.64,19.50078003120125
6625,必應,其他業,2026-02-06,81.1,189.2322713308174,133.3320238357798,10.12,6.5,29.6,87.83783783783782
2377,微星,電腦及週邊設備業,2026-02-06,90.0,209.9810492554251,133.31227695047232,16.61,4.87,61.69,31.577241043929327
5353,台林,通信網路業,2026-02-06,25.2,58.75962518545051,133.17311581527983,0.0,1.0,18.31,21.845985800109233
6138,茂達,半導體業,2026-02-06,237.0,552.2948947695048,133.03582057785013,0.0,9.27,49.65,74.68277945619334
2373,震旦行,其他電子業,2026-02-06,54.3,126.39064505237002,132.7636188809761,14.03,2.79,30.59,36.482510624387054
3010,華立,電子通路業,2026-02-06,115.0,267.3699008035816,132.4955659161579,13.84,6.28,86.32,29.10101946246525
5312,寶島科,生技醫療業,2026-02-06,98.1,228.0021587711365,132.41810272287105,0.0,5.36,58.01,36.959144975004314
2845,遠東銀,金融保險業,2026-02-06,12.4,28.812553872402543,132.35930542260112,15.7,0.7,14.03,19.957234497505343
1459,聯發,紡織纖維,2026-02-06,11.7,27.140104971572345,131.966709158738,16.25,0.6,10.36,23.166023166023166
1439,雋揚,建材營造業,2026-02-06,29.7,68.86736320239753,131.87664377911625,10.65,2.09,31.0,26.96774193548387
2614,東森,其他業,2026-02-06,20.75,48.10781467405841,131.8448899954622,10.59,1.42,12.4,45.80645161290322
1442,名軒,建材營造業,2026-02-06,29.65,68.64503151694613,131.5178128733428,7.82,2.49,21.32,46.71669793621013
3558,神準,通信網路業,2026-02-06,130.5,301.84574380214514,131.29942053804226,0.0,4.87,102.61,18.984504434265666
3046,建,電腦及週邊設備業,2026-02-06,51.3,118.50898220607775,131.01166122042446,13.09,3.33,20.5,64.97560975609757
8083,瑞穎,電機機械,2026-02-06,174.0,401.8483957039586,130.94735385284977,0.0,7.04,32.14,87.61667703795892
2949,欣新網,數位雲端,2026-02-06,62.0,143.16844358976323,130.91684449961812,0.0,2.21,34.73,25.453498416354737
7786,東方風能,綠能環保,2026-02-06,146.0,336.34002659939034,130.36988123245914,15.82,9.06,40.27,89.99255028557238
6697,東捷資訊,資訊服務業,2026-02-06,43.95,101.23605355545489,130.34369409659814,0.0,2.54,22.15,45.86907449209933
8240,華宏,光電業,2026-02-06,39.7,91.33692909453983,130.0678314723925,0.0,1.54,43.71,14.092884923358499
6245,立端,通信網路業,2026-02-06,67.2,154.53660028606637,129.96517899712256,0.0,2.89,40.24,28.727634194831015
6527,明達醫,生技醫療業,2026-02-06,75.8,174.3067968038829,129.95619631119115,0.0,4.31,39.1,44.09207161125319
9907,統一實,其他業,2026-02-06,17.8,40.93039399834268,129.94603369855437,12.9,1.12,12.71,35.24783634933124
8367,建新國際,航運業,2026-02-06,42.7,98.14945700262308,129.85821312089715,12.71,2.56,36.12,28.349944629014402
2409,友達,光電業,2026-02-06,15.2,34.797759989970785,128.9326315129657,20.54,0.52,19.55,10.639386189258312
3042,晶技,電子零組件業,2026-02-06,87.1,199.15548278041896,128.65153017269688,15.42,3.95,44.2,35.74660633484163
6175,立敦,電子零組件業,2026-02-06,44.7,102.14044215830877,128.50210773670864,0.0,1.96,24.89,31.498593812776214
2027,大成鋼,鋼鐵工業,2026-02-06,37.0,84.50507753840846,128.392101455158,14.34,2.08,30.19,27.558794302749256
7642,昶瑞機電,電機機械,2026-02-06,79.4,181.2774677967384,128.30915339639594,0.0,2.77,32.75,33.83206106870229
8034,榮群,通信網路業,2026-02-06,24.05,54.862296402453126,128.11765655905666,0.0,1.09,12.45,35.02008032128515
3570,大塚,資訊服務業,2026-02-06,170.0,387.4685214449005,127.92265967347087,0.0,11.01,60.34,72.98641034139874
8091,翔名,半導體業,2026-02-06,131.5,299.2048320857498,127.53219170018994,0.0,3.96,66.55,23.801652892561982
2109,華豐,橡膠工業,2026-02-06,14.75,33.547372084415535,127.43981074180024,11.61,0.78,11.76,26.53061224489796
6115,鎰勝,電子零組件業,2026-02-06,46.75,106.13258910447739,127.02158097214415,15.28,2.03,26.09,31.12303564584132
2247,汎德永業,汽車工業,2026-02-06,269.0,610.5643491302909,126.9755944722271,13.08,14.86,162.14,36.65967682249908
1109,信大,水泥工業,2026-02-06,15.4,34.949899164746355,126.94739717367764,14.13,0.8,23.8,13.445378151260504
3031,佰鴻,光電業,2026-02-06,19.85,44.97235456757974,126.56098018931858,19.65,0.89,16.37,21.747098350641416
4527,方土霖,電機機械,2026-02-06,41.1,93.09225364098695,126.50183367636727,0.0,1.34,21.18,25.306893295561856
8049,晶采,光電業,2026-02-06,26.6,60.24929636232429,126.50111414407625,0.0,1.27,19.17,26.49973917579551
1737,臺鹽,食品工業,2026-02-06,31.5,71.30592032124473,126.36800101982453,18.86,1.28,33.23,15.4077640686127
2850,新產,金融保險業,2026-02-06,114.0,258.0254102346094,126.33807915316615,10.34,8.46,61.96,54.61588121368626
6005,群益證,金融保險業,2026-02-06,27.85,62.931600619837035,125.96624998146152,11.9,1.87,20.06,37.288135593220346
1513,中興電,電機機械,2026-02-06,158.5,357.5164995858481,125.56246030652878,20.56,5.99,39.77,60.24641689715866
1104,環泥,水泥工業,2026-02-06,29.5,66.51874759472186,125.487279982108,12.55,1.8,33.81,21.29547471162378
5520,力泰,建材營造業,2026-02-06,87.9,198.098470330288,125.3679981004414,0.0,7.92,47.18,67.14709622721492
2221,大甲,其他業,2026-02-06,30.05,67.7051398211233,125.30828559442028,0.0,1.72,24.56,28.013029315960914
3628,盈正,其他電子業,2026-02-06,63.5,142.98404853399452,125.17172997479453,0.0,3.01,38.4,31.354166666666668
6887,寶綠特-KY,綠能環保,2026-02-06,56.2,126.28152466017099,124.70022181525087,8.14,2.54,36.05,28.183079056865466
1402,遠東新,紡織纖維,2026-02-06,28.0,62.913565160508334,124.69130414467261,17.72,1.08,41.7,10.359712230215827
4138,曜亞,生技醫療業,2026-02-06,59.2,132.9187974145776,124.52499563273243,0.0,2.89,39.99,28.907226806701676
1419,新紡,紡織纖維,2026-02-06,67.8,152.19083751027327,124.47026181456235,15.2,3.37,57.83,23.309700847311085
6248,沛波,鋼鐵工業,2026-02-06,21.7,48.62659109417664,124.08567324505364,0.0,1.05,22.85,18.38074398249453
4568,科際精密,電機機械,2026-02-06,41.6,93.13952662367005,123.8930928453607,0.0,1.14,33.13,13.763960156957438
3218,大學光,生技醫療業,2026-02-06,138.5,310.0618256272648,123.87135424351247,0.0,8.83,43.87,80.51059949851836
2883,凱基金,金融保險業,2026-02-06,18.3,40.94145546131692,123.72380033506514,14.52,1.09,16.78,25.98331346841478
6907,雅特力-KY,半導體業,2026-02-06,44.2,98.7085571350106,123.32252745477507,0.0,1.38,18.94,29.144667370644132
9930,中聯資源,綠能環保,2026-02-06,69.3,154.6936264894427,123.22312624739207,13.78,3.85,25.34,60.773480662983424
1210,大成,食品工業,2026-02-06,50.9,113.51271847700103,123.01123472888219,12.95,2.67,29.61,36.06889564336373
2433,互盛電,其他電子業,2026-02-06,46.45,103.54025919583835,122.90690892537856,15.13,2.4,22.22,43.204320432043204
2536,宏普,建材營造業,2026-02-06,22.35,49.68683633523341,122.31246682431053,14.15,1.07,35.92,11.915367483296215
1616,億泰,電器電纜,2026-02-06,28.2,62.668257606719585,122.22786385361557,7.5,2.22,11.88,74.74747474747475
3056,富華新,建材營造業,2026-02-06,16.8,37.33160459751375,122.21193212805804,2.85,1.08,18.23,23.69720241360395
6470,宇智,通信網路業,2026-02-06,53.6,119.0666957645755,122.1393577697304,0.0,2.27,29.74,30.531271015467386
2881,富邦金,金融保險業,2026-02-06,92.4,205.18137489579172,122.05776503873562,11.71,6.23,61.8,40.32362459546926
7556,意德士,半導體業,2026-02-06,160.5,355.5506975463841,121.5269143591178,0.0,5.54,46.56,47.59450171821305
2439,美律,通信網路業,2026-02-06,98.0,216.90207846071266,121.32865149052311,15.56,3.77,65.13,23.15369261477046
2496,卓越,其他業,2026-02-06,69.8,154.39345457874666,121.19406100106971,10.76,4.36,44.54,39.15581499775483
6506,雙邦,紡織纖維,2026-02-06,15.55,34.37379953739066,121.05337323080809,0.0,0.72,15.14,19.0224570673712
3479,安勤,電腦及週邊設備業,2026-02-06,88.6,195.75610796403407,120.94368844699106,0.0,5.03,44.79,44.92074123688324
3704,合勤控,通信網路業,2026-02-06,33.65,74.30091482052846,120.80509604911877,14.2,1.13,27.54,16.412490922294843
2317,鴻海,其他電子業,2026-02-06,215.0,474.41669822408585,120.65892940655156,15.76,10.38,117.18,35.4326676907322
6257,矽格,半導體業,2026-02-06,120.5,265.8181890982137,120.5960075503848,21.48,3.94,42.27,37.284125857582204
3684,榮昌,通信網路業,2026-02-06,54.3,119.44841815072395,119.97867062748426,0.0,2.55,22.33,45.678459471562924
6722,輝創,其他電子業,2026-02-06,43.9,96.53623628716635,119.90031044912608,17.63,2.02,26.25,30.78095238095238
3168,眾福科,光電業,2026-02-06,38.9,85.4327168702091,119.62138012907226,14.85,1.94,22.57,34.38192290651307
2832,台產,金融保險業,2026-02-06,48.2,105.78126050660728,119.46319607179933,11.03,2.75,45.47,24.191774796569167
8390,金益鼎,綠能環保,2026-02-06,95.1,208.6329294571427,119.38268081718475,0.0,5.11,36.07,56.66759079567508
6464,台數科,其他業,2026-02-06,77.0,168.78364799435133,119.19954284980692,13.44,4.16,64.82,25.67108917000926
4137,麗豐-KY,生技醫療業,2026-02-06,103.5,226.7865909264933,119.11747915603218,17.22,5.3,58.5,36.23931623931624
2882,國泰金,金融保險業,2026-02-06,75.7,165.62507145333825,118.7913757639871,14.93,4.84,55.06,35.161641845259716
2801,彰銀,金融保險業,2026-02-06,20.5,44.741101618743585,118.24927618899311,13.49,1.2,18.06,26.578073089701
4104,佳醫,生技醫療業,2026-02-06,76.4,166.73710693377942,118.24228656253848,16.29,3.57,51.68,27.631578947368418
6782,視陽,生技醫療業,2026-02-06,170.5,372.03782918772043,118.20400538869234,14.14,10.1,62.92,64.2085187539733
7757,金色三麥,觀光餐旅,2026-02-06,111.0,242.1902621817983,118.18942538900747,0.0,6.76,35.6,75.95505617977527
6023,元大期,金融保險業,2026-02-06,95.0,207.23177916093414,118.13871490624646,0.0,6.43,58.8,43.74149659863946
1295,生合,食品工業,2026-02-06,75.6,164.6474415143813,117.78762105076895,0.0,4.07,36.84,44.19109663409338
1525,江申,汽車工業,2026-02-06,61.2,133.2744935478927,117.76878030701418,15.81,2.48,64.78,15.313368323556652
8068,全達,電子通路業,2026-02-06,22.3,48.56105784097565,117.76259121513743,0.0,1.25,13.01,38.43197540353574
2849,安泰銀,金融保險業,2026-02-06,13.1,28.51909131453969,117.70298713389076,18.71,0.58,18.15,12.782369146005509
6606,建德工業,電機機械,2026-02-06,25.1,54.60691525706532,117.55743130304906,26.42,0.76,13.88,21.90201729106628
6491,晶碩,生技醫療業,2026-02-06,288.5,627.285757285274,117.43007184931508,14.0,15.38,143.87,42.76082574546466
2347,聯強,電子通路業,2026-02-06,65.8,142.87559058209368,117.13615589983843,12.7,3.42,44.51,30.734666367108517
3706,神達,電腦及週邊設備業,2026-02-06,75.6,163.85674020618387,116.7417198494496,16.99,3.68,51.48,28.593628593628594
5530,龍巖,其他業,2026-02-06,50.4,109.14195824400042,116.55150445238178,0.0,1.96,65.63,11.945756513789426
8341,日友,綠能環保,2026-02-06,75.7,163.92906964523615,116.5509506542089,16.42,3.6,38.58,37.32503888024883
4550,長佳,電機機械,2026-02-06,26.7,57.816752496632944,116.54214418214586,0.0,0.65,24.37,10.668855149774313
6592,和潤企業,其他業,2026-02-06,60.2,130.34451506597526,116.51912801657018,15.16,3.16,51.57,24.510374248594143
6214,精誠,資訊服務業,2026-02-06,110.5,238.90923454167057,116.20745207391,16.25,5.42,64.39,33.66982450691101
6843,進典,電機機械,2026-02-06,49.2,106.34648600409285,116.15139431726189,0.0,1.52,24.79,24.526018555869303
3022,威強電,電腦及週邊設備業,2026-02-06,62.8,135.72920529358151,116.12930779232727,11.5,2.51,59.06,16.999661361327462
1240,茂生農經,農業科技業,2026-02-06,60.0,129.62570895625933,116.04284826043221,0.0,3.84,32.85,46.757990867579906
6967,汎瑋材料,電子零組件業,2026-02-06,67.0,144.67448812768635,115.93207183236768,0.0,2.87,32.09,35.774384543471484
5388,中磊,通信網路業,2026-02-06,82.3,177.31865839752254,115.45401992408573,17.11,3.15,51.15,24.633431085043988
5478,智冠,文化創意業,2026-02-06,101.5,218.6431362816799,115.41195692776343,0.0,5.84,58.85,39.69413763806287
1604,聲寶,電器電纜,2026-02-06,23.75,51.1453034347037,115.34864604085769,14.39,1.29,22.71,22.721268163804492
9914,美利達,運動休閒,2026-02-06,83.9,180.5812882790993,115.23395504064278,0.0,4.81,63.55,30.27537372147915
1752,南光,生技醫療業,2026-02-06,36.45,78.4479563239279,115.22073065549489,14.29,1.69,24.03,28.13150228880566
6242,立康,生技醫療業,2026-02-06,38.75,83.35362909556453,115.10613960145686,0.0,1.76,26.52,26.546003016591253
2376,技嘉,電腦及週邊設備業,2026-02-06,227.5,487.55373025893806,114.30933198195079,12.6,13.77,82.81,66.51370607414563
6574,霈方,生技醫療業,2026-02-06,75.8,162.398195710612,114.2456407791715,0.0,4.08,34.89,46.775580395528806
4105,東洋,生技醫療業,2026-02-06,84.5,180.81121424638116,113.9777683389126,0.0,5.05,27.6,73.18840579710144
3709,鑫聯大投控,電腦及週邊設備業,2026-02-06,61.7,132.00929519636588,113.95347681744875,0.0,3.61,25.05,57.64471057884231
6294,智基,文化創意業,2026-02-06,44.3,94.50206889395993,113.32295461390504,0.0,2.69,22.17,48.53405502931889
2855,統一證,金融保險業,2026-02-06,28.4,60.46080582502339,112.89016135571619,13.27,1.67,22.92,29.144851657940663
9943,好樂迪,觀光餐旅,2026-02-06,59.4,126.43175016015145,112.84806424267924,17.73,3.05,29.82,40.9121395036888
6799,來頡,半導體業,2026-02-06,80.4,171.0809022290051,112.78719182712074,27.07,2.29,36.98,24.770146024878315
3090,日電貿,電子零組件業,2026-02-06,91.5,194.55699763713474,112.63059851052977,18.12,4.21,32.13,52.4120759414877
6754,匯僑設計,居家生活,2026-02-06,43.0,91.34843674907559,112.43822499785021,11.65,2.29,33.57,27.286267500744714
2013,中鋼構,鋼鐵工業,2026-02-06,41.2,87.5006125207159,112.38012747746578,13.92,2.27,27.36,33.187134502923975
6865,偉康科技,數位雲端,2026-02-06,44.5,94.36304874883761,112.05179494120812,0.0,1.39,25.12,22.133757961783438
9939,宏全,其他業,2026-02-06,119.0,252.22328917014818,111.95234384046064,13.52,7.6,61.43,49.487221227413315
2250,IKKA-KY,汽車工業,2026-02-06,71.0,150.44357369040858,111.89235731043463,18.3,3.19,56.92,22.41742796907941
3567,逸昌,半導體業,2026-02-06,27.6,58.481185803708,111.88835436126085,0.0,0.69,16.66,16.56662665066026
2427,三商電,資訊服務業,2026-02-06,24.95,52.83974058484515,111.78252739416897,16.41,1.11,16.25,27.32307692307693
6206,飛捷,電腦及週邊設備業,2026-02-06,90.6,191.7527681700602,111.64764698682141,12.06,5.33,34.45,61.886792452830186
6158,禾昌,電子零組件業,2026-02-06,20.7,43.7680791433148,111.43999586142417,0.0,0.62,19.21,12.90994273815721
2414,精技,電子通路業,2026-02-06,40.65,85.82834207520504,111.13983290333344,13.11,2.38,19.16,49.68684759916492
1612,宏泰,電器電纜,2026-02-06,35.65,75.17826188061021,110.87871495262331,13.4,2.19,25.06,34.9561053471668
7708,全家餐飲,觀光餐旅,2026-02-06,93.7,197.12888308742444,110.3830129001328,0.0,5.05,39.19,51.54376116356213
2607,榮運,航運業,2026-02-06,56.0,117.73057071727187,110.23316199512834,9.38,2.72,55.51,19.600072059088454
3008,大立光,光電業,2026-02-06,2330.0,4896.384491033984,110.14525712592207,13.39,109.06,1361.97,32.030074083863816
6498,久禾光,光電業,2026-02-06,84.7,177.92460330341547,110.06446671005368,0.0,4.61,30.38,60.69782751810402
2538,基泰,建材營造業,2026-02-06,10.5,22.04700749906949,109.971499991138,12.07,0.56,13.06,17.151607963246555
4987,科誠,電腦及週邊設備業,2026-02-06,79.8,167.54902486322842,109.96118403913337,0.0,4.36,37.0,47.13513513513514
7718,友鋮,鋼鐵工業,2026-02-06,45.05,94.53932676517974,109.85422145433905,0.0,2.36,32.64,28.921568627450977
1229,聯華,食品工業,2026-02-06,44.95,94.22795283748319,109.62837116236526,17.56,2.0,31.93,25.054807391168183
2520,冠德,建材營造業,2026-02-06,32.3,67.70656088705066,109.61783556362434,9.23,1.72,40.1,17.1571072319202
4126,太醫,生技醫療業,2026-02-06,80.0,167.53449265758744,109.41811582198429,0.0,4.06,39.59,41.02045971204849
2751,王座,觀光餐旅,2026-02-06,59.0,123.5063614549069,109.33281602526593,0.0,3.33,20.71,64.31675519072911
6284,佳邦,電子零組件業,2026-02-06,82.7,172.68838790441217,108.81304462444035,0.0,3.12,48.93,25.50582464745555
6173,信昌電,電子零組件業,2026-02-06,60.8,126.88331082103859,108.68965595565558,0.0,2.12,42.43,19.985859061984446
8481,政伸,其他業,2026-02-06,41.0,85.52116881981749,108.5882166337012,12.54,2.42,24.55,39.42973523421588
6613,朋億*,其他電子業,2026-02-06,191.5,399.0545223168696,108.38356256755594,0.0,10.14,65.12,62.285012285012286
1593,祺驊,運動休閒,2026-02-06,29.2,60.84101752477085,108.35964905743442,0.0,1.28,32.08,15.960099750623444
1264,德麥,食品工業,2026-02-06,283.0,588.6404026447511,108.00014227729721,0.0,15.94,92.96,68.58864027538726
6590,普鴻,資訊服務業,2026-02-06,72.0,149.29364101802972,107.35227919170794,0.0,3.83,30.98,49.451258876694645
7782,光速火箭,居家生活,2026-02-06,27.2,56.390211330295756,107.316953420205,0.0,1.48,19.1,30.994764397905755
6719,力智,半導體業,2026-02-06,190.5,394.2242895746856,106.94188429117355,45.14,4.25,130.85,12.991975544516624
9924,福興,居家生活,2026-02-06,47.65,98.47445284938381,106.66202067027032,11.97,2.14,44.89,19.06883492982847
3406,玉晶光,光電業,2026-02-06,454.5,938.3882772080984,106.46606759254091,15.14,22.41,213.93,41.90155658392932
8930,青鋼,鋼鐵工業,2026-02-06,30.05,61.95535075830631,106.17421217406424,0.0,1.66,17.7,37.514124293785315
1413,宏洲,紡織纖維,2026-02-06,9.8,20.200153052863804,106.1240107435082,22.27,0.43,8.54,20.14051522248244
5490,同亨,電腦及週邊設備業,2026-02-06,25.3,52.06541382722421,105.79214951472021,0.0,1.26,13.89,36.28509719222462
1475,業旺,紡織纖維,2026-02-06,30.6,62.92965506433751,105.65246753051474,8.92,1.43,22.17,25.800631483987367
8183,精星,其他電子業,2026-02-06,30.85,63.427343286637544,105.59916786592396,0.0,0.96,28.16,13.636363636363635
8401,白紗科,其他業,2026-02-06,28.85,59.3068723566592,105.56974820332476,0.0,1.71,16.25,42.09230769230769
8271,宇瞻,半導體業,2026-02-06,112.5,231.21365882601313,105.52325228978945,30.08,3.45,35.9,38.440111420612816
3171,炎洲流通,居家生活,2026-02-06,48.0,98.2707810500126,104.73079385419292,0.0,3.11,21.76,57.16911764705882
5706,鳳凰,觀光餐旅,2026-02-06,52.0,106.28446254624157,104.39319720431071,15.52,2.69,21.92,49.0875912408759
1463,強盛新,紡織纖維,2026-02-06,18.0,36.77310735996704,104.29504088870578,4.9,0.78,15.69,19.88527724665392
6227,茂綸,電子通路業,2026-02-06,82.0,167.32625608516994,104.05640985996334,0.0,4.69,36.28,51.70893054024256
6721,信實,其他業,2026-02-06,62.0,126.45690406031929,103.96274848438595,0.0,3.91,28.57,54.742737136856846
2489,瑞軒,光電業,2026-02-06,22.75,46.37663636536245,103.85334666093384,16.02,0.81,21.04,15.399239543726237
1615,大山,電器電纜,2026-02-06,47.3,96.40514194886731,103.81636775659051,11.08,3.34,19.78,67.54297269969666
6526,達發,半導體業,2026-02-06,437.0,889.5824395085762,103.56577563125313,24.61,14.0,111.53,50.21070563973819
2530,華建,建材營造業,2026-02-06,25.65,52.208946505596195,103.5436510939423,10.14,2.07,12.75,64.94117647058823
9925,新保,其他業,2026-02-06,40.6,82.55098857257138,103.32755806052066,16.37,2.04,31.55,25.863708399366086
4766,南寶,化學工業,2026-02-06,308.0,625.0816641444544,102.948592254693,14.7,15.6,105.76,59.001512859304086
4953,緯軟,資訊服務業,2026-02-06,117.5,238.24587262442273,102.76244478674275,0.0,5.97,52.28,45.677123182861514
8924,大田,運動休閒,2026-02-06,71.0,143.96059174864092,102.76139682907173,0.0,4.01,45.88,34.96076721883173
4952,凌通,半導體業,2026-02-06,39.05,79.06526396680636,102.47186675238504,36.5,1.01,19.13,21.118661787767905
9935,慶豐富,居家生活,2026-02-06,19.35,39.15665688883977,102.35998392165253,11.38,1.01,13.69,29.51059167275384
6412,群電,電子零組件業,2026-02-06,94.8,191.7564003825092,102.27468394779453,15.36,4.03,35.29,45.678662510626246
6703,軒郁,生技醫療業,2026-02-06,104.5,211.29393016207072,102.19514848045046,0.0,5.77,35.01,65.9240217080834
1734,杏輝,生技醫療業,2026-02-06,30.6,61.844859882853314,102.10738523808271,16.81,1.39,17.39,31.972397929844735
5016,松和,鋼鐵工業,2026-02-06,25.2,50.90084765684319,101.9874907017587,0.0,0.97,29.39,13.201769309288874
2887,台新新光金,金融保險業,2026-02-06,23.35,47.11318453561018,101.7695269191014,23.59,1.3,17.9,29.05027932960894
3024,憶聲,光電業,2026-02-06,10.25,20.613664183122093,101.10891885972775,12.97,0.33,10.61,12.441093308199813
6184,大豐電,其他業,2026-02-06,47.75,95.92610465248713,100.89236576437095,14.25,2.57,31.21,32.93816084588273
3005,神基,電腦及週邊設備業,2026-02-06,112.5,225.94336222831103,100.83854420294314,13.98,6.36,38.84,65.4994850669413
6026,福邦證,金融保險業,2026-02-06,14.45,29.007435142756677,100.74349579762408,0.0,0.7,14.29,19.59412176347096
8442,威宏-KY,其他業,2026-02-06,68.7,137.49163989529214,100.13339140508317,11.64,3.46,50.79,27.249458554833627
6768,志強-KY,運動休閒,2026-02-06,100.5,200.8674107142887,99.86807036247632,13.17,5.32,71.54,29.74559686888454
2324,仁寶,電腦及週邊設備業,2026-02-06,30.7,61.319829107120746,99.73885702645194,20.33,1.06,29.17,14.535481659238943
3021,鴻名,電子零組件業,2026-02-06,17.35,34.64503949872007,99.68322477648451,44.49,0.47,16.12,11.662531017369727
8454,富邦媒,數位雲端,2026-02-06,188.0,375.3788728344642,99.66961320982138,15.65,7.81,33.14,94.26674713337356
6123,上奇,資訊服務業,2026-02-06,44.6,89.04701293272399,99.65697966978472,0.0,1.98,24.89,31.820008035355563
5493,三聯,其他電子業,2026-02-06,82.3,164.15327634157856,99.45720090106752,0.0,3.44,44.5,30.92134831460674
3556,禾瑞亞,半導體業,2026-02-06,46.0,91.65205477280266,99.24359733217969,0.0,1.28,17.64,29.024943310657598
2063,世鎧,鋼鐵工業,2026-02-06,26.15,52.087795635063564,99.18851103274787,0.0,1.27,19.03,26.694692590646348
8936,國統,其他業,2026-02-06,50.3,100.14182440715467,99.08911412953216,0.0,2.95,25.95,45.47206165703276
3260,威剛,半導體業,2026-02-06,306.5,608.8910886327956,98.659409015594,0.0,10.08,59.3,67.99325463743676
2546,根基,建材營造業,2026-02-06,85.2,169.16253360331345,98.54757465177634,8.9,6.59,43.49,60.61163485858818
2838,聯邦銀,金融保險業,2026-02-06,18.85,37.396947753202376,98.39229577295689,15.84,0.91,18.16,20.044052863436125
6187,萬潤,半導體業,2026-02-06,369.0,731.8217262823831,98.32567107923663,0.0,12.1,71.77,67.43764804235754
2524,京城,建材營造業,2026-02-06,40.35,79.9313539141638,98.0950530710379,5.84,1.73,57.47,12.041064903427875
2812,台中銀,金融保險業,2026-02-06,20.4,40.33920181051249,97.74118534564948,13.97,1.13,14.82,30.49932523616734
6263,普萊德,通信網路業,2026-02-06,121.0,239.13103607501023,97.62895543389276,0.0,5.9,25.75,91.65048543689322
8176,智捷,通信網路業,2026-02-06,10.95,21.61628292883117,97.40897651900612,0.0,0.33,7.97,16.56210790464241
3284,太普高,其他業,2026-02-06,22.1,43.61182009468521,97.33855246463892,0.0,1.21,13.12,36.890243902439025
6732,昇佳電子,半導體業,2026-02-06,174.5,344.2661633982832,97.28719965517662,0.0,4.36,84.92,20.536975977390487
3526,凡甲,電子零組件業,2026-02-06,264.0,520.3799177288589,97.11360520032535,0.0,12.33,56.36,87.50887154009936
6776,展眥篕,電子通路業,2026-02-06,58.7,115.61222860404837,96.95439285187115,13.98,3.18,26.37,48.236632536973836
8404,百和興業-KY,其他業,2026-02-06,23.3,45.858497480799464,96.81758575450414,18.2,1.19,15.95,29.843260188087772
3028,增你強,電子通路業,2026-02-06,41.75,82.15151998569429,96.77010775016596,14.5,2.0,24.76,32.31017770597738
4175,杏一,生技醫療業,2026-02-06,57.9,113.91383497829258,96.74237474661932,0.0,2.44,35.28,27.66439909297052
8478,東哥遊艇,運動休閒,2026-02-06,179.0,351.92898667617374,96.6083724447898,22.98,10.64,91.02,46.75895407602725
9926,新海,油電燃氣業,2026-02-06,49.1,96.31644874582975,96.1638467328508,18.6,2.3,23.26,39.55288048151332
5212,凌網,資訊服務業,2026-02-06,51.7,101.3990729660287,96.12973494396265,0.0,2.82,16.89,66.78507992895204
3583,辛耘,半導體業,2026-02-06,310.5,607.5594242405875,95.6713121547786,24.22,9.71,70.96,54.73506200676438
4720,德淵,化學工業,2026-02-06,16.0,31.300406680460835,95.62754175288022,19.51,0.55,13.57,16.21223286661754
6846,綠茵,食品工業,2026-02-06,73.9,144.27878631992104,95.23516416768746,0.0,3.5,34.3,40.816326530612244
6918,愛派司,生技醫療業,2026-02-06,83.6,163.15486448768397,95.16132115751672,16.85,4.05,36.22,44.726670347874105
8916,光隆,其他業,2026-02-06,48.8,95.13671022768615,94.95227505673392,0.0,2.4,34.98,27.4442538593482
6792,詠業,通信網路業,2026-02-06,55.9,108.95134825854448,94.9040219294177,21.09,1.89,32.83,23.02771855010661
5213,亞昕,建材營造業,2026-02-06,24.15,47.05498515881811,94.84465904272513,0.0,1.45,20.61,28.14167879670063
2353,宏,電腦及週邊設備業,2026-02-06,26.55,51.702033128862446,94.73458805597907,19.24,0.9,24.38,14.766201804758
8938,明安,運動休閒,2026-02-06,69.3,134.92051284125654,94.6904947204279,0.0,3.56,48.43,29.40326244063597
5209,新鼎,其他業,2026-02-06,170.5,331.9262878769041,94.67817470786164,0.0,12.34,35.85,137.68479776847977
2504,國產,建材營造業,2026-02-06,35.2,68.51646348543694,94.64904399271857,10.8,2.45,22.03,44.48479346345892
3703,欣陸,建材營造業,2026-02-06,22.6,43.95400106359018,94.48673036986803,30.13,0.92,32.75,11.236641221374047
6730,常廣,生技醫療業,2026-02-06,36.8,71.56542949287889,94.47127579586657,0.0,1.66,18.78,35.35676251331203
3265,台星科,半導體業,2026-02-06,132.5,257.4759673414971,94.32148478603554,0.0,3.73,44.26,33.70989606868505
3036,文曄,電子通路業,2026-02-06,154.5,300.22422375077434,94.31988592283129,16.33,8.11,71.73,45.2251498675589
2608,嘉里大榮,航運業,2026-02-06,32.4,62.95795091879563,94.31466332961615,15.43,1.55,26.26,23.61005331302361
1788,杏昌,生技醫療業,2026-02-06,136.0,264.2296649758527,94.28651836459757,0.0,6.24,66.51,37.52819124943617
1707,葡萄王,生技醫療業,2026-02-06,121.5,235.91585466368576,94.16942770673725,14.75,5.22,68.53,30.46840799649788
1215,卜蜂,食品工業,2026-02-06,147.0,285.0110929398256,93.88509723797658,14.38,7.94,39.43,80.5478062389044
4771,望隼,生技醫療業,2026-02-06,179.0,347.0300519604247,93.8715374080585,14.87,9.2,63.52,57.934508816120896
2743,山富,觀光餐旅,2026-02-06,80.8,156.6244178166351,93.84210125821176,0.0,4.26,25.44,66.98113207547169
8109,博大,電子零組件業,2026-02-06,107.0,207.39259761494802,93.82485758406357,0.0,4.41,36.59,48.20989341350096
3169,亞信,半導體業,2026-02-06,95.6,184.97304818898292,93.48645208052608,0.0,2.78,27.97,39.75688237397211
7770,君曜,半導體業,2026-02-06,52.3,101.19277392018505,93.48522738085097,0.0,1.53,14.96,40.90909090909091
5465,富驊,電腦及週邊設備業,2026-02-06,29.5,57.028212655804374,93.31597510442161,0.0,1.37,15.48,35.400516795865634
2436,偉詮電,半導體業,2026-02-06,53.5,103.40853195187502,93.28697561098134,31.29,1.45,19.67,29.486527707168275
6161,捷波,電腦及週邊設備業,2026-02-06,42.25,81.60673039577163,93.15202460537665,0.0,1.97,21.9,35.981735159817354
6416,瑞祺電通,通信網路業,2026-02-06,85.1,164.177946065754,92.92355589395302,21.22,2.91,47.56,24.47434819175778
6275,元山,電子零組件業,2026-02-06,51.2,98.66980473719731,92.71446237733849,0.0,2.0,20.49,39.043435822352365
3515,華擎,電腦及週邊設備業,2026-02-06,215.0,413.0174360248223,92.10113303480108,14.75,11.25,79.39,56.682201788638366
2727,王品,觀光餐旅,2026-02-06,216.0,414.51355887042024,91.90442540297234,14.16,12.01,51.88,92.59830377794911
2228,劍麟,汽車工業,2026-02-06,94.0,180.3752188074885,91.88853064626436,13.86,4.06,59.37,27.353882432204816
6761,穩得,電子零組件業,2026-02-06,137.5,263.7674074713911,91.83084179737534,0.0,5.51,49.58,44.45340863251311
2836,高雄銀,金融保險業,2026-02-06,12.1,23.198239077209497,91.72098410916941,19.21,0.49,14.03,13.97006414825374
3264,欣銓,半導體業,2026-02-06,143.0,274.1489764101666,91.71257091620042,0.0,4.2,38.5,43.63636363636364
2302,麗正,半導體業,2026-02-06,18.4,35.265859338051584,91.66227901114993,23.9,0.4,10.78,14.842300556586272
1712,興農,化學工業,2026-02-06,46.5,88.9975267653353,91.39253067814042,17.75,2.07,19.64,42.15885947046843
3652,精聯,電腦及週邊設備業,2026-02-06,28.15,53.83726390568671,91.25138154773256,21.01,0.94,25.29,14.86753657572163
2329,華泰,半導體業,2026-02-06,50.2,95.98766018295119,91.210478452094,30.8,1.41,15.75,35.80952380952381
6151,晉倫,其他電子業,2026-02-06,28.85,54.98651389265609,90.59450222757744,0.0,1.06,17.44,24.311926605504585
6195,詩肯,居家生活,2026-02-06,25.1,47.79652021048735,90.42438330871454,0.0,0.91,25.57,14.235432147047323
6863,永道-KY,通信網路業,2026-02-06,104.5,198.87410958041053,90.31015270852683,16.23,2.95,76.25,15.475409836065573
2948,寶陞,居家生活,2026-02-06,38.25,72.7222729122738,90.1235893131341,0.0,1.62,32.05,20.21840873634946
6803,崑鼎,綠能環保,2026-02-06,300.5,570.1910095915345,89.74742415691662,0.0,14.25,92.06,61.91614164675212
2423,固緯,其他電子業,2026-02-06,45.95,87.16041872056206,89.68535086085323,16.24,2.0,19.2,41.66666666666667
5443,均豪,半導體業,2026-02-06,85.8,162.58061541309863,89.4878967518632,0.0,1.97,44.0,17.909090909090907
5243,乙盛-KY,光電業,2026-02-06,81.9,155.08740245341022,89.36190775752162,18.78,3.37,45.92,29.35540069686411
3310,佳穎,電子零組件業,2026-02-06,73.0,138.13029568732432,89.219583133321,0.0,2.93,24.59,47.66165107767385
2105,正新,橡膠工業,2026-02-06,30.5,57.69876265019254,89.17627098423783,19.3,1.23,25.33,19.42360836952231
2481,強茂,半導體業,2026-02-06,87.0,164.28050655708003,88.82816845641382,32.1,2.18,36.3,24.022038567493116
5403,中菲,資訊服務業,2026-02-06,110.0,207.599365444244,88.72669585840363,0.0,5.8,34.1,68.03519061583577
5864,致和證,金融保險業,2026-02-06,22.7,42.82863471686911,88.67239963378464,0.0,1.17,16.63,28.14191220685508
3038,全台,光電業,2026-02-06,23.0,43.30999258536892,88.30431558856051,19.66,0.82,17.15,19.12536443148688
6728,上洋,居家生活,2026-02-06,137.5,258.50892515537976,88.00649102209437,0.0,7.81,64.7,48.284389489953625
3231,緯創,電腦及週邊設備業,2026-02-06,129.0,242.44079901511304,87.93860388768454,16.71,6.43,50.64,50.789889415481824
6281,全國電,電子通路業,2026-02-06,60.9,114.44230942517379,87.91840628107354,16.28,3.05,28.27,43.15528829147506
4912,聯德控股-KY,電子零組件業,2026-02-06,88.7,166.54371091963034,87.76066620025969,21.53,2.73,57.75,18.90909090909091
8284,三竹,資訊服務業,2026-02-06,63.0,118.28781191963616,87.75843161847008,0.0,2.88,27.68,41.61849710982659
2752,豆府,觀光餐旅,2026-02-06,205.5,385.5894772572802,87.634782120331,0.0,11.18,48.1,92.97297297297297
1540,喬福,電機機械,2026-02-06,24.0,45.02450621405595,87.60210922523312,23.08,0.54,16.73,12.910938433950985
4107,邦特,生技醫療業,2026-02-06,119.0,223.209861970623,87.57131258035545,0.0,5.54,49.57,44.704458341738956
6924,榮惠-KY創,,2026-02-06,56.4,105.62332084601303,87.27539157094509,13.3,3.23,25.1,51.474103585657375
6620,漢達,生技醫療業,2026-02-06,77.5,145.13788982482052,87.2746965481555,0.0,3.76,28.54,52.697967764541
1568,倉佑,汽車工業,2026-02-06,23.1,43.24321430666152,87.20006193359964,20.09,0.88,17.83,19.742007851934943
8102,傑霖科技,半導體業,2026-02-06,55.8,104.4099502095105,87.11460611023386,0.0,1.63,13.56,48.08259587020648
2753,八方雲集,觀光餐旅,2026-02-06,181.0,338.2694007813068,86.88917170237944,15.4,9.34,51.9,71.98458574181117
6205,詮欣,電子零組件業,2026-02-06,49.0,91.49926932690896,86.73320270797747,24.87,1.51,31.33,19.278646664538783
2402,毅嘉,電子零組件業,2026-02-06,50.8,94.82862123503061,86.67051424218624,20.16,1.86,21.74,34.22263109475621
8926,台汽電,油電燃氣業,2026-02-06,43.2,80.50448945203534,86.3529848426744,18.08,1.86,21.03,35.37803138373752
3209,全科,電子通路業,2026-02-06,35.45,66.0254188242322,86.24941840404006,16.04,1.58,20.58,30.709426627793977
3023,信邦,電子零組件業,2026-02-06,239.0,445.10920803276736,86.23816235680643,18.23,10.06,61.18,65.77312847335732
6671,三能-KY,居家生活,2026-02-06,37.0,68.8928125179808,86.1967905891373,13.96,1.65,27.28,24.193548387096772
6486,互動,通信網路業,2026-02-06,79.7,148.28034648576292,86.04811353295221,0.0,2.84,36.66,30.98745226404801
1201,味全,食品工業,2026-02-06,14.45,26.84941587990798,85.80910643534935,25.8,0.43,14.78,11.637347767253045
6259,百徽,電子零組件業,2026-02-06,17.0,31.498583222524346,85.28578366190791,0.0,0.45,13.66,13.177159590043924
3705,永信,生技醫療業,2026-02-06,55.7,103.15465758526614,85.19687178683327,15.39,2.31,29.23,31.611358193636676
5009,榮剛,鋼鐵工業,2026-02-06,33.3,61.625954212903345,85.06292556427432,0.0,1.3,30.2,17.218543046357617
8069,元太,光電業,2026-02-06,172.5,318.53158082977944,84.65598888682865,0.0,8.17,56.61,57.72831655184596
2891,中信金,金融保險業,2026-02-06,51.6,95.25725555500854,84.60708440893127,14.02,3.06,24.4,50.16393442622952
6277,宏正,電腦及週邊設備業,2026-02-06,59.3,109.41578409281983,84.51228346175353,15.98,2.29,39.24,23.343527013251784
5347,世界,半導體業,2026-02-06,120.0,221.360836133471,84.46736344455917,0.0,3.35,32.61,41.091689665746706
2892,第一金,金融保險業,2026-02-06,29.15,53.74271499022664,84.36608916029722,15.93,1.51,19.61,30.800611932687406
6757,台灣虎航,航運業,2026-02-06,65.2,120.11616140447427,84.2272414179053,13.23,4.28,14.84,115.36388140161726
8050,廣積,電腦及週邊設備業,2026-02-06,41.8,77.00432590612184,84.22087537349722,0.0,1.33,36.67,14.507772020725387
2312,金寶,其他電子業,2026-02-06,24.35,44.837206247608684,84.1363706267297,24.35,0.85,14.63,23.23991797676008
7713,威力德生醫,生技醫療業,2026-02-06,70.5,129.60105813941078,83.8312881410082,0.0,3.37,25.2,53.492063492063494
6672,騰輝電子-KY,電子零組件業,2026-02-06,99.8,183.3285421396714,83.69593400768679,21.6,3.46,46.68,29.648671808054843
3158,嘉實,資訊服務業,2026-02-06,89.1,161.9266472644957,81.73585551570787,0.0,4.7,23.49,80.03405704555131
1733,五鼎,生技醫療業,2026-02-06,30.15,54.747304049284274,81.58309800757637,19.97,1.13,18.15,24.903581267217632
2476,鉅祥,電子零組件業,2026-02-06,80.4,145.5853580618364,81.07631599730892,20.67,2.72,38.04,28.60147213459517
2916,滿心,居家生活,2026-02-06,46.6,84.35501561069746,81.0193468040718,0.0,2.43,23.63,41.134151502327555
1268,漢來美食,觀光餐旅,2026-02-06,161.0,291.4028994460287,80.99558971803025,0.0,7.7,52.42,58.756199923693245
6577,勁豐,電腦及週邊設備業,2026-02-06,71.1,128.45754514103825,80.67165280033511,0.0,3.59,22.65,63.39955849889625
6523,達爾膚,生技醫療業,2026-02-06,116.0,209.40120982346397,80.51828433057238,0.0,5.84,32.14,72.68201617921592
6197,佳必琪,電子零組件業,2026-02-06,148.5,268.06453098569636,80.51483568060361,18.52,6.1,35.7,68.34733893557421
3402,漢科,其他電子業,2026-02-06,123.0,222.00100420222017,80.48862130261803,0.0,5.99,28.91,82.87789692148046
1503,士電,電機機械,2026-02-06,201.0,362.70201044074696,80.44876141330694,31.9,5.46,69.75,31.311827956989248
2941,米斯特,居家生活,2026-02-06,41.7,75.08669019099635,80.06400525418788,0.0,2.07,23.11,35.82864560796192
5203,訊連,資訊服務業,2026-02-06,81.0,145.83871049252386,80.04779073151094,22.07,2.58,56.74,18.188227000352487
9802,鈺齊-KY,運動休閒,2026-02-06,93.7,168.5818722240512,79.91661923591377,13.1,4.26,65.95,25.837755875663376
1225,福懋油,食品工業,2026-02-06,28.2,50.66684423239153,79.66966039855154,20.14,1.12,15.6,28.717948717948723
4114,健喬,生技醫療業,2026-02-06,32.5,58.36331918674489,79.57944365152272,0.0,1.28,17.26,29.663962920046348
1504,東元,電機機械,2026-02-06,80.0,143.45417200639324,79.31771500799154,34.78,1.98,37.41,21.17080994386528
8436,大江,生技醫療業,2026-02-06,141.5,253.37408476845454,79.06295743353678,0.0,5.89,66.16,35.61064087061669
9942,茂順,其他業,2026-02-06,111.5,199.634930874773,79.04478105360808,13.31,6.03,48.29,49.9482294470905
2454,聯發科,半導體業,2026-02-06,1710.0,3061.4626796506286,79.03290524272681,25.7,51.76,263.22,78.65663703366005
2114,鑫永銓,橡膠工業,2026-02-06,89.4,159.96756625899687,78.93463787359828,16.34,4.15,39.02,42.542286007175804
6196,帆宣,其他電子業,2026-02-06,258.0,461.414425210123,78.84280046903991,19.59,12.0,69.37,69.19417615684013
2606,裕民,航運業,2026-02-06,60.6,108.26324206664928,78.65221463143446,15.74,2.76,41.94,26.323319027181686
6581,鋼聯,綠能環保,2026-02-06,107.0,191.14936843013575,78.64426956087453,15.76,4.45,38.59,46.12593936252915
1783,和康生,生技醫療業,2026-02-06,44.45,79.35448016166907,78.5252647056672,17.03,2.02,16.43,49.17833231892879
1563,巧新,汽車工業,2026-02-06,44.8,79.84614615762027,78.22800481611668,20.55,1.47,39.51,14.882308276385725
1524,耿鼎,汽車工業,2026-02-06,31.3,55.78222430922938,78.21796903907149,12.27,1.28,17.48,29.290617848970253
2890,永豐金,金融保險業,2026-02-06,29.5,52.56028701084699,78.17046444354912,15.95,1.57,16.53,37.99153055051421
2348,海悅,其他業,2026-02-06,75.3,134.10144065473654,78.08956262249208,17.59,3.61,43.18,33.4414080592867
2015,豐興,鋼鐵工業,2026-02-06,65.0,115.31571693578273,77.4087952858196,16.09,2.94,37.75,31.1523178807947
4440,宜新實業,紡織纖維,2026-02-06,17.2,30.399396409889487,76.74067680168307,18.9,0.54,18.98,11.380400421496313
6146,耕興,其他電子業,2026-02-06,177.5,313.7096506312885,76.73783134157101,0.0,7.92,52.32,60.550458715596335
2492,華新科,電子零組件業,2026-02-06,122.0,214.32579778523078,75.67688343051702,25.21,2.95,97.84,12.06050695012265
6679,鈺太,半導體業,2026-02-06,187.5,329.1541918788895,75.54890233540773,0.0,3.84,95.74,16.043451013160645
6488,環球晶,半導體業,2026-02-06,466.0,817.5848806632034,75.44739928394924,0.0,10.68,187.77,22.751238216967565
7732,金興精密,汽車工業,2026-02-06,37.15,65.12567589074395,75.30464573551535,19.25,1.3,27.89,18.64467551093582
2397,友通,電腦及週邊設備業,2026-02-06,59.8,104.82213801474792,75.28785621195306,14.77,2.48,29.47,33.6613505259586
2535,達欣工,建材營造業,2026-02-06,68.9,120.74620625963807,75.24848513735569,11.33,4.37,37.71,46.35375232033943
6642,富致,電子零組件業,2026-02-06,56.2,98.30253859248012,74.9155490969397,0.0,1.78,27.71,25.694695055936485
3191,雲嘉南,電子零組件業,2026-02-06,15.65,27.348041716028703,74.74787038995976,0.0,0.55,5.82,37.80068728522337
5013,強新,鋼鐵工業,2026-02-06,29.55,51.604550137597435,74.63468743687794,0.0,1.04,27.32,15.226939970717424
1570,力肯,電機機械,2026-02-06,31.15,54.17680736396741,73.92233503681354,0.0,0.66,19.47,13.559322033898308
3044,健鼎,電子零組件業,2026-02-06,379.5,658.6504468189795,73.55742999182596,19.98,14.75,94.35,62.53312135665077
5607,遠雄港,航運業,2026-02-06,46.65,80.93343113054276,73.49074197329638,18.08,2.13,29.17,29.2080905039424
8423,保綠-KY,綠能環保,2026-02-06,18.7,32.43082696461542,73.42688216371883,0.0,0.49,14.3,13.706293706293703
6689,伊雲谷,數位雲端,2026-02-06,60.0,103.8931759235298,73.155293205883,36.14,1.15,41.6,11.057692307692307
4441,振大環球,紡織纖維,2026-02-06,255.0,441.1463361389363,72.99856319173973,21.91,11.38,98.43,46.246063192116225
6829,千附精密,半導體業,2026-02-06,105.5,182.4444283086389,72.93310740155346,0.0,2.64,31.48,33.54510800508259
2886,兆豐金,金融保險業,2026-02-06,39.8,68.80770857382316,72.88368988397781,17.53,1.91,25.8,29.612403100775193
5285,界霖,半導體業,2026-02-06,51.4,88.81563474882519,72.79306371366769,27.78,1.0,27.49,14.550745725718444
7736,虎山,汽車工業,2026-02-06,85.8,148.09086199546783,72.60007225579001,15.98,3.4,46.34,29.348295209322394
2356,英業達,電腦及週邊設備業,2026-02-06,43.8,75.5497136073135,72.48793061030482,17.45,1.85,19.59,37.774374680959674
2613,中櫃,航運業,2026-02-06,24.0,41.35029131040704,72.29288046002932,28.57,0.85,23.63,14.388489208633093
8416,實威,資訊服務業,2026-02-06,177.5,305.6083985706723,72.1737456736182,0.0,8.34,53.83,61.97287757755898
6190,萬泰科,通信網路業,2026-02-06,48.65,83.6880613299645,72.02068104823124,0.0,1.64,19.63,33.418237391747326
1473,台南,紡織纖維,2026-02-06,24.75,42.52799625713305,71.83028790760827,19.96,0.77,25.64,12.012480499219969
5278,尚凡*,數位雲端,2026-02-06,28.2,48.36654486677156,71.51257044954455,0.0,0.72,12.62,22.820919175911254
6143,振曜,通信網路業,2026-02-06,102.0,174.63641185516374,71.21216848545465,0.0,3.72,32.86,45.28301886792453
2453,凌群,資訊服務業,2026-02-06,52.9,90.54194519267116,71.15679620542754,16.64,2.2,21.28,41.35338345864662
6669,緯穎,電腦及週邊設備業,2026-02-06,3645.0,6237.904243678895,71.13591889379684,15.27,200.85,581.26,138.21697691222516
2432,倚天酷-創,,2026-02-06,24.45,41.836853803873076,71.11187649845839,14.38,0.96,18.57,20.678513731825525
1319,東陽,汽車工業,2026-02-06,103.5,176.8915515582046,70.90971165043923,15.85,4.36,45.18,38.601150951748565
5548,安倉,建材營造業,2026-02-06,23.2,39.58182665763452,70.6113218001488,0.0,1.16,18.92,24.524312896405917
6862,三集瑞-KY,電子零組件業,2026-02-06,170.5,290.83947647611393,70.58033810915772,19.27,6.02,56.41,42.68746676121255
3033,威健,電子通路業,2026-02-06,30.0,51.14369450930982,70.4789816976994,19.11,1.03,21.14,19.489120151371807
4744,皇將,生技醫療業,2026-02-06,31.95,54.4243772602002,70.34233884256714,0.0,1.0,21.7,18.433179723502306
5425,台半,半導體業,2026-02-06,60.7,103.38060883559673,70.31401785106544,0.0,1.23,28.99,16.971369437737152
2207,和泰車,汽車工業,2026-02-06,524.0,890.8003489806482,70.00006659936034,15.97,24.86,142.08,69.98873873873873
3483,力致,電腦及週邊設備業,2026-02-06,84.6,143.6706695329428,69.82348644555888,0.0,3.12,48.19,25.897489105623578
2364,倫飛,電腦及週邊設備業,2026-02-06,62.5,105.99136737203234,69.58618779525175,16.67,3.14,14.94,84.06961178045516
2937,集雅社,居家生活,2026-02-06,44.0,74.59671770336945,69.53799478038512,0.0,2.02,23.8,33.94957983193277
5489,彩富,其他電子業,2026-02-06,42.0,70.981433263042,69.0034125310524,0.0,1.36,22.75,23.912087912087916
6965,中傑-KY,運動休閒,2026-02-06,82.8,139.8442873623181,68.89406686270304,14.95,2.94,73.81,15.932800433545587
7743,金利食安,食品工業,2026-02-06,20.4,34.37028431887981,68.48178587686184,0.0,0.58,17.6,13.18181818181818
7705,三商餐飲,觀光餐旅,2026-02-06,39.55,66.60545298385863,68.408224990793,30.19,1.35,22.87,23.611718408395276
6914,阜爾運通,其他業,2026-02-06,141.5,238.28002996862247,68.39578089655298,15.25,7.38,53.56,55.11575802837938
4911,德英,生技醫療業,2026-02-06,41.0,68.92129401372563,68.10071710664788,0.0,1.76,14.14,49.78783592644979
6855,數泓科,其他電子業,2026-02-06,117.0,196.59642761401372,68.03113471283224,0.0,4.81,36.23,53.10516146839635
8435,鉅邁,其他業,2026-02-06,55.0,92.40857136413193,68.0155842984217,0.0,2.74,23.53,46.57883552911177
3029,零壹,資訊服務業,2026-02-06,108.0,181.4512061360515,68.01037605189954,17.28,4.91,32.74,59.987782529016485
1227,佳格,食品工業,2026-02-06,28.8,48.385940049830886,68.00673628413502,19.73,0.94,19.66,19.125127161749745
5880,合庫金,金融保險業,2026-02-06,23.65,39.67448329790105,67.75680041395793,18.92,1.03,17.1,24.093567251461987
5310,天剛,資訊服務業,2026-02-06,24.55,41.18011995115018,67.73979613503128,0.0,0.99,9.9,40.0
3296,勝德,電子零組件業,2026-02-06,23.75,39.77600911926191,67.47793313373435,20.13,0.69,12.33,22.38442822384428
1294,漢田生技,食品工業,2026-02-06,78.7,131.72486736831036,67.37594328883145,0.0,3.37,26.15,51.54875717017209
6482,弘煜科,文化創意業,2026-02-06,34.4,57.44355896257897,66.987090007497,0.0,1.59,14.35,44.3205574912892
8931,大汽電,油電燃氣業,2026-02-06,44.7,74.57131367582228,66.82620509132501,0.0,1.84,16.55,44.47129909365559
9911,櫻花,居家生活,2026-02-06,84.6,141.08455828239073,66.7666173550718,14.31,4.57,29.22,62.559890485968516
5878,台名,金融保險業,2026-02-06,41.7,69.39193850336646,66.40752638696992,0.0,2.11,20.82,40.537944284341975
2637,慧洋-KY,航運業,2026-02-06,68.2,113.47133828897704,66.38026142078743,16.43,2.44,60.48,16.137566137566136
6752,叡揚,資訊服務業,2026-02-06,113.5,188.74870212701126,66.29841597093503,0.0,5.04,35.33,57.061986979903764
8162,微矽電子-創,,2026-02-06,35.8,59.523842568448146,66.26771667164287,17.72,1.53,21.54,28.412256267409475
6235,華孚,電腦及週邊設備業,2026-02-06,56.8,94.3306994651665,66.07517511472977,21.35,2.35,23.43,40.1195049082373
8110,華東,半導體業,2026-02-06,58.9,97.73963173029672,65.94164979676863,49.08,1.29,21.89,23.572407492005482
2421,建準,電子零組件業,2026-02-06,147.0,243.84763329030804,65.88274373490343,20.25,5.65,29.74,75.99193006052457
6951,青新-創,,2026-02-06,77.8,129.02327370680325,65.83968342776768,13.67,4.26,23.87,71.38667783829074
4503,金雨,電機機械,2026-02-06,38.0,62.97269574953456,65.717620393512,0.0,0.81,19.94,16.24874623871615
6662,樂斯科,生技醫療業,2026-02-06,29.85,49.46588723513806,65.71486510934024,0.0,0.99,17.29,22.903412377096586
6670,復盛應用,運動休閒,2026-02-06,274.5,454.14166772680187,65.44323050156716,11.54,14.55,98.62,59.01439870208882
4129,聯合,生技醫療業,2026-02-06,109.5,180.95865520314268,65.25904584761889,0.0,4.47,40.7,43.931203931203925
6664,群翊,電子零組件業,2026-02-06,288.0,474.95394764914687,64.91456515595377,0.0,10.74,65.13,65.96038691847076
1203,味王,食品工業,2026-02-06,39.45,64.95625881928906,64.65464846461104,19.15,1.28,25.69,19.92993382639159
2885,元大金,金融保險業,2026-02-06,42.65,70.09282235660038,64.34424937069258,16.03,2.0,24.68,32.414910858995135
4924,欣厚-KY,電腦及週邊設備業,2026-02-06,10.85,17.809824350902883,64.14584655210031,0.0,0.28,9.46,11.839323467230443
6585,鼎基,其他業,2026-02-06,90.0,147.7005263123863,64.11169590265145,14.9,3.81,51.99,29.3133294864397
4163,鐿鈦,生技醫療業,2026-02-06,102.5,167.45021777298865,63.36606611998893,0.0,3.56,52.6,27.072243346007603
6716,應廣,半導體業,2026-02-06,57.8,94.39364639673873,63.3108069147729,0.0,1.19,23.52,20.238095238095237
6546,正基,通信網路業,2026-02-06,60.0,97.9259709114794,63.209951519132325,0.0,1.72,28.85,23.8474870017331
7765,中華資安,數位雲端,2026-02-06,263.5,429.6080795976363,63.03911939189233,26.35,8.52,48.38,70.44233154195948
6290,良維,電子零組件業,2026-02-06,172.0,280.121234764438,62.861183002580226,0.0,6.2,42.21,58.75384979862592
5434,崇越,電子通路業,2026-02-06,321.5,523.5224919203628,62.837478046769135,15.92,15.45,97.5,63.38461538461539
4549,桓達,電機機械,2026-02-06,100.0,162.81046546672178,62.81046546672178,0.0,2.43,32.4,30.000000000000004
3059,華晶科,光電業,2026-02-06,37.45,60.93554792327549,62.71174345333909,29.96,0.98,31.17,12.57619505935194
3537,堡達,電子零組件業,2026-02-06,45.0,72.85675746061058,61.90390546802351,0.0,1.3,21.24,24.48210922787194
6835,圓裕,電子零組件業,2026-02-06,39.2,63.45546673333747,61.87619064626904,14.96,0.92,26.94,13.659985152190051
6953,家碩,半導體業,2026-02-06,224.0,362.45357936979394,61.80963364722943,0.0,5.53,51.74,42.75222265172014
3551,世禾,綠能環保,2026-02-06,175.0,282.88053672416106,61.6460209852349,0.0,6.12,69.0,35.47826086956522
4116,明基醫,生技醫療業,2026-02-06,42.15,68.1055681658559,61.579046656834876,0.0,1.34,24.48,21.895424836601308
3093,港建*,其他電子業,2026-02-06,25.85,41.743687502421075,61.48428434205444,0.0,1.04,7.27,57.22145804676755
3088,艾訊,電腦及週邊設備業,2026-02-06,80.8,129.97403955606367,60.85895984661346,0.0,2.76,45.43,24.30112260620735
4161,聿新科,生技醫療業,2026-02-06,25.65,41.21695467569833,60.689881776601695,0.0,0.78,15.74,19.82210927573062
2382,廣達,電腦及週邊設備業,2026-02-06,279.5,448.87485911859795,60.599234031698735,15.69,13.7,55.4,98.91696750902527
8070,長華*,電子通路業,2026-02-06,42.95,68.83758352753888,60.27376839939203,21.8,1.49,25.56,23.317683881064163
6861,睿生光電,生技醫療業,2026-02-06,71.5,114.5303125021062,60.18225524770098,20.49,2.52,33.65,29.955423476968797
2327,國巨*,電子零組件業,2026-02-06,248.5,396.4823001903678,59.55022140457458,24.9,8.22,76.48,42.99163179916318
3430,奇鈦科,化學工業,2026-02-06,65.4,103.97454921568912,58.982491155487935,0.0,2.14,32.56,26.289926289926292
3128,昇銳,光電業,2026-02-06,26.2,41.64060993331393,58.9336256996715,0.0,0.8,16.05,19.937694704049843
4770,上品,化學工業,2026-02-06,239.5,380.08276640284447,58.69844108678266,17.53,8.4,98.45,34.12899949212798
5258,虹堡,電腦及週邊設備業,2026-02-06,54.4,86.10804935109365,58.286855424804514,16.34,1.56,38.54,16.190970420342502
6821,聯寶,電子零組件業,2026-02-06,37.05,58.54193661684588,58.00792609135191,0.0,0.95,20.68,18.3752417794971
9927,泰銘,其他業,2026-02-06,69.3,109.37622338229399,57.8300481706984,12.6,2.61,44.49,23.465947403910988
3512,皇龍,建材營造業,2026-02-06,20.5,32.3273852480559,57.69456218563852,0.0,0.74,21.82,13.565536205316223
6224,聚鼎,電子零組件業,2026-02-06,40.8,64.32297582868347,57.65435252128302,26.67,0.98,25.31,15.487949427103912
3019,亞光,光電業,2026-02-06,145.0,227.97930845279566,57.22710927779011,21.17,5.51,50.03,44.05356785928443
3162,精確,電機機械,2026-02-06,57.0,89.53772821238924,57.08373370594604,0.0,1.25,22.54,22.18278615794144
2884,玉山金,金融保險業,2026-02-06,34.0,53.371755833928624,56.97575245273124,17.53,1.62,16.09,40.27346177750156
2748,雲品,觀光餐旅,2026-02-06,40.4,63.41505052715714,56.96794684939888,17.57,1.11,27.35,16.23400365630713
3004,豐達科,鋼鐵工業,2026-02-06,106.5,167.14132797881834,56.940214064618154,16.96,4.4,50.21,35.05277833100976
7714,創泓科技,數位雲端,2026-02-06,139.5,218.52761652273057,56.65062116324771,0.0,4.34,24.45,71.00204498977504
3447,展達,通信網路業,2026-02-06,42.2,66.07420083450177,56.57393562678143,22.69,1.28,15.92,32.1608040201005
6884,海柏特,資訊服務業,2026-02-06,37.45,58.568571956274106,56.391380390585056,0.0,1.42,13.83,41.070137382501805
2451,創見,半導體業,2026-02-06,221.0,345.27495284877267,56.23301033881116,34.64,5.37,45.57,47.136273864384464
6936,永鴻生技,生技醫療業,2026-02-06,36.15,56.37921028837684,55.959087934652395,22.04,1.19,17.95,26.518105849582174
8476,台境*,綠能環保,2026-02-06,18.2,28.36134579674332,55.83157031177648,202.22,0.47,11.13,16.891284815813115
6538,倉和,電子零組件業,2026-02-06,68.8,107.03974768364894,55.58102860995486,0.0,1.47,49.01,11.99755152009794
1590,亞德客-KY,電機機械,2026-02-06,1195.0,1856.4431761433636,55.3508934011183,30.35,30.36,239.44,50.718342799866356
6417,韋僑,通信網路業,2026-02-06,107.0,166.1481371715752,55.27863287063103,0.0,3.25,39.14,33.21410321921308
3030,德律,其他電子業,2026-02-06,182.5,282.5877316472802,54.8425926834412,18.58,7.59,37.5,80.96
1472,三洋實業,建材營造業,2026-02-06,90.0,139.3176348358622,54.79737203984689,13.98,5.1,42.3,48.226950354609926
3338,泰碩,電子零組件業,2026-02-06,50.9,78.73811078259001,54.691769710392954,21.48,1.44,21.68,26.56826568265683
8499,鼎炫-KY,其他電子業,2026-02-06,271.5,419.95164492232976,54.67832225500175,25.07,6.34,186.98,13.56294790886726
8048,德勝,通信網路業,2026-02-06,54.9,84.72486784540466,54.32580664008135,0.0,1.67,19.6,34.08163265306122
6667,信紘科,其他電子業,2026-02-06,241.5,372.5536188563103,54.26650884319268,0.0,9.96,50.38,79.07899960301708
1609,大亞,電器電纜,2026-02-06,37.65,58.05462226216118,54.195543857001816,20.13,1.62,21.26,30.47977422389464
4551,智伸科,汽車工業,2026-02-06,116.0,178.7070576214895,54.0578082943875,16.11,3.64,73.55,19.796057104010877
4949,有成精密,光電業,2026-02-06,46.35,71.3632960708063,53.96611881511607,23.77,1.48,23.55,25.138004246284503
1216,統一,食品工業,2026-02-06,74.2,114.23904565111188,53.96097796645806,21.32,2.93,22.47,52.15843346684469
6874,倍力,資訊服務業,2026-02-06,61.8,94.94842631304253,53.63823028000411,0.0,2.35,21.43,43.86374241717219
9918,欣天然,油電燃氣業,2026-02-06,39.35,60.34533411728603,53.35535989145115,22.75,1.3,18.28,28.44638949671772
2729,瓦城,觀光餐旅,2026-02-06,171.0,262.01166454779786,53.223195641987054,0.0,6.52,56.77,45.93975691386295
1795,美時,生技醫療業,2026-02-06,331.5,506.742543270447,52.86351229877738,18.42,13.82,84.35,65.53645524599881
8342,益張,其他業,2026-02-06,85.6,130.37420558888456,52.306314940285716,0.0,4.02,29.7,54.14141414141413
6890,來億-KY,運動休閒,2026-02-06,206.0,313.5620098299978,52.214567878639706,14.71,9.16,88.94,41.1963121205307
6449,鈺邦,電子零組件業,2026-02-06,155.0,235.78088114042012,52.11669750994846,23.74,4.81,47.97,40.108401084010836
3164,景岳,生技醫療業,2026-02-06,17.95,27.194343715351696,51.5005220910958,44.88,0.38,14.86,10.228802153432033
6548,長科*,半導體業,2026-02-06,49.35,74.66361357928322,51.29404980604503,0.0,1.12,11.37,39.4019349164468
2491,吉祥全,光電業,2026-02-06,17.2,26.007226331589766,51.20480425342888,24.23,0.49,10.39,18.864292589027908
2330,台積電,半導體業,2026-02-06,1780.0,2691.314979927068,51.197470782419565,29.09,46.75,192.74,97.02189478053336
6239,力成,半導體業,2026-02-06,239.5,362.0384246210477,51.16426915283828,34.07,4.96,73.57,26.967513932309366
8908,欣雄,油電燃氣業,2026-02-06,41.2,62.19078909863496,50.94851722969649,0.0,1.54,13.67,45.06217995610827
2449,京元電子,半導體業,2026-02-06,283.5,427.35007027469607,50.74076552899333,32.11,7.17,38.51,74.47416255518048
2328,廣宇,電子零組件業,2026-02-06,50.1,75.47337936828411,50.645467800966294,27.83,1.22,26.85,18.17504655493482
3045,台灣大,通信網路業,2026-02-06,105.5,158.89355441460836,50.610004184462895,22.79,3.49,27.19,51.34240529606473
6213,聯茂,電子零組件業,2026-02-06,115.0,172.91469038571663,50.360600335405756,32.12,2.98,54.34,21.93595877806404
4153,鈺緯,生技醫療業,2026-02-06,33.75,50.71926441592395,50.279301973108005,0.0,1.04,17.01,24.456202233980008
6597,立誠,電子零組件業,2026-02-06,60.8,91.2878036416357,50.144413884269255,0.0,1.62,26.94,24.053452115812917
2480,敦陽科,資訊服務業,2026-02-06,137.5,206.4106448042547,50.11683258491251,17.38,5.94,30.83,77.06779111255273
7747,昕奇雲端,數位雲端,2026-02-06,118.5,177.75909972889966,50.007679096117855,0.0,3.01,34.65,34.74747474747475
6534,正瀚-創,,2026-02-06,84.6,126.85606809379527,49.94807103285494,19.81,4.09,25.51,64.13171305370442
8424,惠普,建材營造業,2026-02-06,73.3,109.68278736160612,49.63545342647493,0.0,4.14,30.77,53.81865453363665
3289,宜特,其他電子業,2026-02-06,128.0,191.26114978129144,49.42277326663393,0.0,4.2,46.85,35.859124866595515
9921,巨大,運動休閒,2026-02-06,87.5,130.37334473636022,48.99810827012597,0.0,2.31,84.87,10.887239307175681
2755,揚秦,觀光餐旅,2026-02-06,114.0,169.78718227632177,48.936124803791024,0.0,4.67,26.44,70.65052950075642
4205,中華食,食品工業,2026-02-06,78.2,116.28544347541786,48.70261313992054,0.0,2.99,22.66,52.78022947925861
6189,豐藝,電子通路業,2026-02-06,50.3,74.78939709852584,48.686674152138856,18.29,1.82,22.56,32.269503546099294
2412,中華電,通信網路業,2026-02-06,133.0,197.41432478130525,48.431823143838535,26.87,3.79,48.55,31.22554067971164
6561,是方,通信網路業,2026-02-06,318.0,471.5953885275126,48.3004366438719,0.0,11.71,49.19,95.2226062207766
8467,波力-KY,運動休閒,2026-02-06,194.0,285.60235088125245,47.21770663982085,14.81,9.42,56.22,67.02241195304163
3624,光頡,電子零組件業,2026-02-06,52.3,76.91468512813101,47.064407510766756,0.0,1.21,28.7,16.864111498257838
8482,商億-KY,居家生活,2026-02-06,48.7,71.60725585709127,47.03748635953033,16.4,1.74,27.71,25.117286178274988
4714,永捷,化學工業,2026-02-06,16.3,23.931627740420158,46.81980208846722,0.0,0.36,13.13,10.967250571210966
7749,意騰-KY,半導體業,2026-02-06,399.0,585.7921039419734,46.81506364460487,69.88,9.12,76.98,47.38893219017926
4162,智擎,生技醫療業,2026-02-06,62.5,91.68809307603135,46.70094892165016,0.0,1.79,33.37,21.456397962241535
6925,意藍,數位雲端,2026-02-06,80.6,118.06676719070549,46.48482281725248,0.0,2.12,19.4,43.711340206185575
1232,大統益,食品工業,2026-02-06,147.5,216.06076472322695,46.48187438862844,18.32,5.84,34.4,67.90697674418604
4977,眾達-KY,通信網路業,2026-02-06,127.0,186.01907384149524,46.47171168621673,22.6,3.53,46.94,30.080954409884956
7703,銳澤,其他電子業,2026-02-06,196.5,287.19013674309036,46.15274134508415,0.0,6.74,59.63,45.212141539493544
2611,志信,航運業,2026-02-06,14.55,21.257160616049852,46.09732382164846,76.58,0.39,14.19,10.993657505285412
6112,邁達特,資訊服務業,2026-02-06,43.0,62.80406459717306,46.055964179472234,75.44,1.2,22.18,21.641118124436428
3290,東浦,電子零組件業,2026-02-06,48.55,70.78377274546057,45.795618425253494,0.0,1.22,22.24,21.94244604316547
7744,崴寶,電子零組件業,2026-02-06,363.0,528.3554210559789,45.55245759117877,0.0,12.91,47.58,108.53299705758724
9917,中保科,其他業,2026-02-06,105.0,152.79227960726715,45.516456768825854,15.93,4.99,28.91,69.0418540297475
1773,勝一,化學工業,2026-02-06,139.0,202.21525944504916,45.478603917301555,21.22,5.01,35.27,56.81882619790189
2471,資通,資訊服務業,2026-02-06,49.75,72.35816476963957,45.44354727565743,15.4,1.71,18.02,37.957824639289676
6438,迅得,其他電子業,2026-02-06,145.0,210.78269275574075,45.36737431430397,18.9,4.17,63.86,26.119636705292827
6894,衛司特,綠能環保,2026-02-06,233.5,339.22327378915753,45.27763331441436,0.0,8.15,62.37,52.26871893538561
6579,研揚,電腦及週邊設備業,2026-02-06,112.0,162.45344827319616,45.04772167249657,26.11,3.44,57.07,24.110741195023657
8086,宏捷科,半導體業,2026-02-06,111.5,161.58720780122727,44.92126260199755,0.0,2.03,40.57,20.014789253142716
2880,華南金,金融保險業,2026-02-06,33.85,49.02325256271805,44.82497064318478,18.7,1.43,16.37,34.94196701282834
2739,寒舍,觀光餐旅,2026-02-06,34.0,49.083523117320176,44.36330328623581,19.88,1.01,16.4,24.634146341463417
1723,中碳,化學工業,2026-02-06,72.5,104.4937270485181,44.12927868761117,22.87,2.14,33.12,25.845410628019327
5902,德記,居家生活,2026-02-06,40.0,57.372544198967056,43.431360497417636,0.0,1.79,13.21,54.20136260408781
8103,瀚荃,電子零組件業,2026-02-06,95.0,136.21515741495037,43.38437622626354,27.86,2.47,38.27,25.81656650117586
8272,全景軟體,資訊服務業,2026-02-06,77.7,110.92511212155665,42.76076206120546,0.0,2.5,30.26,33.046926635822864
4958,臻鼎-KY,電子零組件業,2026-02-06,182.0,259.1467023415194,42.38829798984583,23.7,3.79,108.62,13.956914012152458
6913,鴻呈,電子零組件業,2026-02-06,117.5,167.0520655470625,42.17197067835107,0.0,3.41,33.92,40.2122641509434
5292,華懋,綠能環保,2026-02-06,192.0,272.46072399793303,41.90662708225679,19.71,6.88,42.4,64.90566037735849
4904,遠傳,通信網路業,2026-02-06,92.2,130.79596413938248,41.86113247221526,24.26,2.79,24.51,45.532435740514074
3167,大量,電機機械,2026-02-06,229.0,323.6545710224353,41.333873808923705,36.7,5.45,34.83,62.58972150445019
2352,佳世達,電腦及週邊設備業,2026-02-06,25.05,35.31363219858978,40.9725836271049,30.93,0.59,17.51,13.478012564248997
5426,振發,電腦及週邊設備業,2026-02-06,18.95,26.635541185341538,40.55694556908463,0.0,0.39,15.22,10.249671484888305
2707,晶華,觀光餐旅,2026-02-06,189.5,265.3998832566883,40.05270884257959,17.07,7.93,28.57,111.02555127756388
4747,強生,生技醫療業,2026-02-06,56.7,79.32154582536741,39.8969062175792,0.0,1.26,38.02,13.256180957390844
2493,揚博,電子零組件業,2026-02-06,105.0,146.21052907426966,39.24812292787587,23.7,3.16,24.26,52.102225886232475
5381,合正,電子零組件業,2026-02-06,25.15,34.801009657456575,38.373795854698116,0.0,0.65,9.1,28.571428571428577
6126,信音,電子零組件業,2026-02-06,37.5,51.770816953809664,38.05551187682577,0.0,0.66,26.01,10.149942329873126
3048,益登,電子通路業,2026-02-06,36.3,50.012569801979346,37.775674385618046,30.5,1.14,17.04,26.76056338028169
3051,力特,光電業,2026-02-06,22.9,31.527785043419865,37.675917220174085,19.74,0.55,14.33,15.352407536636429
6285,啟,通信網路業,2026-02-06,175.0,240.7916106264822,37.59520607227554,27.39,4.35,67.26,25.869759143621764
3416,融程電,電腦及週邊設備業,2026-02-06,146.0,200.39532810947574,37.25707404758612,21.13,5.3,42.21,50.22506515043828
8349,矬,鋼鐵工業,2026-02-06,43.3,59.40641106365709,37.19725418858451,0.0,1.19,31.76,14.98740554156171
3646,艾恩特,電子零組件業,2026-02-06,24.9,34.16043960587719,37.19052050553088,0.0,0.55,12.24,17.973856209150327
4721,美琪瑪,化學工業,2026-02-06,63.4,86.83852180500492,36.96927729496044,0.0,2.1,16.67,50.38992201559688
2756,聯發國際,觀光餐旅,2026-02-06,78.2,107.10759138946327,36.966229398290615,0.0,2.71,22.11,49.02758932609679
6968,萬達寵物,居家生活,2026-02-06,48.9,66.92894379955224,36.869005725055715,0.0,1.64,25.55,25.675146771037177
9958,世紀鋼,鋼鐵工業,2026-02-06,125.5,171.47931528000277,36.63690460557989,23.59,4.78,43.4,44.05529953917051
2497,怡利電,汽車工業,2026-02-06,46.5,63.50777958432732,36.57587007382219,18.24,1.49,18.75,31.78666666666667
3711,日月光投控,半導體業,2026-02-06,304.5,415.6177525366168,36.491872754225554,37.64,5.99,72.65,32.98004129387474
5439,高技,電子零組件業,2026-02-06,289.5,394.3838780571222,36.229318845292646,0.0,9.52,38.33,99.34776937124967
6870,騰雲,數位雲端,2026-02-06,187.0,254.06633327629075,35.86434934561002,0.0,4.38,47.15,37.158006362672324
6922,宸曜,電腦及週邊設備業,2026-02-06,153.0,207.73233246022951,35.7727663138755,0.0,5.79,36.97,62.64538815255612
6472,保瑞,生技醫療業,2026-02-06,558.0,753.4411524017096,35.025296129338635,21.45,21.34,108.95,78.34786599357503
3374,精材,半導體業,2026-02-06,155.5,209.76938325205342,34.89992492093467,0.0,3.09,34.09,36.256966852449395
6292,迅德,電子零組件業,2026-02-06,40.3,54.35743976347059,34.88198452474092,0.0,0.8,22.57,14.178112538768278
6418,詠昇,電子零組件業,2026-02-06,32.0,43.06171358319625,34.567854947488286,0.0,0.72,14.38,20.027816411682892
4995,晶達,光電業,2026-02-06,40.1,53.85183048405531,34.293841606122974,0.0,1.03,20.93,19.684663162924032
3533,嘉澤,電子零組件業,2026-02-06,1595.0,2130.4798024273646,33.57240140610436,21.64,47.64,307.18,62.035288755778375
3147,大綜,資訊服務業,2026-02-06,161.0,214.930702290906,33.497330615469565,0.0,5.92,36.85,64.26051560379918
8438,昶昕,綠能環保,2026-02-06,52.7,70.31801249884766,33.430763754929146,31.94,1.21,26.17,18.49445930454719
6614,資拓宏宇,數位雲端,2026-02-06,44.7,59.397128716602445,32.8794825874775,26.29,0.87,15.98,21.777221526908637
6150,撼訊,電腦及週邊設備業,2026-02-06,59.6,78.94213189897653,32.45324144123578,0.0,1.55,31.45,19.71383147853736
7711,永擎,電腦及週邊設備業,2026-02-06,218.0,288.5469365553239,32.36098007124949,18.32,9.3,26.73,139.16947250280586
2442,新美齊,建材營造業,2026-02-06,21.0,27.697551087411053,31.893100416243108,23.08,0.65,18.15,14.325068870523417
4588,玖鼎電力,其他電子業,2026-02-06,64.3,84.77642826018364,31.845145039165846,19.31,1.88,20.3,37.04433497536945
6188,廣明,電腦及週邊設備業,2026-02-06,98.0,129.18955491042337,31.82607643920752,0.0,2.77,44.37,24.971827811584404
6127,九豪,電子零組件業,2026-02-06,35.25,46.421419834740476,31.69197116238433,0.0,0.91,10.66,34.146341463414636
3693,營邦,電腦及週邊設備業,2026-02-06,394.0,518.1875577508371,31.51968470833428,0.0,13.32,118.44,44.984802431610944
1522,堤維西,汽車工業,2026-02-06,46.45,61.030003434094425,31.38859727469197,43.82,1.17,28.17,16.61341853035144
6174,安,電子零組件業,2026-02-06,21.9,28.67864121994086,30.952699634433163,0.0,0.4,12.86,12.441679626749611
3219,倚強科,其他電子業,2026-02-06,58.3,76.26877346113413,30.82122377553025,0.0,1.65,19.32,34.161490683229815
5007,三星,鋼鐵工業,2026-02-06,59.3,77.52867385546911,30.73975355053813,21.72,2.04,23.32,34.99142367066895
1342,八貫,其他業,2026-02-06,100.0,130.68208263807938,30.68208263807938,18.42,4.02,29.98,53.63575717144763
