symbol,name,q2_rev,q2_margin,q2_eps,capital,q3_rev_total,target_eps,naive_pred_eps
1795,美時,4742928.0,0.28074851652818683,5.09,2655183.0,5234204.0,5.98,5.534439653334259
2913,農林,98946.0,-0.5280860267216462,-0.06,7900000.0,116621.0,-0.05,-0.07795686142063936
3054,立萬利,23282.0,0.14229877158319731,0.04,834110.0,23534.0,-0.29,0.04014889271725511
1503,士電,8171357.0,0.0903200043762621,1.36,5209722.0,8057144.0,1.34,1.3968524257919595
2832,台產,1814658.0,0.16216168556278923,0.81,3622004.0,1935616.0,0.81,0.8665996866991417
9912,偉聯,128590.0,-0.08124270938642196,-0.12,546566.0,132878.0,-0.2,-0.19751262862763103
2883,凱基金,,,0.49,183908413.0,24582014.0,0.73,
8443,阿瘦,243132.0,-0.10203922149285162,-0.37,668000.0,269094.0,-0.39,-0.41105003395804507
1477,聚陽,7694161.0,0.11528638405149047,3.55,2466937.0,10464894.0,4.58,4.8905172233508125
6906,現觀科,67063.0,0.09884735248945022,0.2,335374.0,103597.0,0.93,0.30533938754493706
1608,華榮,3158723.0,0.07755602501390593,0.5,6327735.0,2874460.0,0.2,0.3523088303499942
3312,弘憶股,4543950.0,0.02509292575842604,0.74,1626254.0,4750246.0,0.3,0.7329578910321528
3715,定穎投控,4228126.0,0.08280311419290722,1.22,2776746.0,4749779.0,0.93,1.4163934797351745
9942,茂順,987425.0,0.16850900068359623,2.0,831613.0,973281.0,2.05,1.9721506120555021
3532,台勝科,3225016.0,0.10746551334939114,0.9,3878483.0,3050105.0,0.45,0.8451270757008467
8462,柏文,1276641.0,0.07145940009759988,1.17,793421.0,1345043.0,1.23,1.2114119223649995
9917,中保科,4340014.0,0.18557267326787424,1.78,4511971.0,4467854.0,1.64,1.8375818695434105
6589,台康生技,246403.0,-0.8953503001180992,-0.72,3061992.0,248223.0,-0.84,-0.7258233775470835
1303,南亞,66406336.0,0.02636719785292777,0.22,79308216.0,66423308.0,0.0,0.220834182436024
1904,正隆,10683651.0,0.015437232084799475,0.14,11082745.0,12520785.0,0.05,0.17440287936686805
1310,台苯,3432906.0,0.0006621212465473858,0.01,5278698.0,3032903.0,-0.34,0.0038042515692644397
1301,台塑,51108854.0,0.026699698647126777,0.22,63657408.0,50492245.0,-0.49,0.21177860800064208
6120,達運,5253092.0,-0.00048771276040853655,0.0,6655551.0,6003285.0,0.02,-0.004399152976018306
1451,年興,1631959.0,0.03947157986199408,0.32,2055700.0,1632362.0,0.44,0.31343049592199435
8422,可寧衛*,1450021.0,0.18346768770935043,2.51,1091875.0,1142382.0,2.6,1.9195437574885694
2485,兆赫,974843.0,-0.0994354988444293,-0.29,3176890.0,274292.0,-0.87,-0.08585239605096873
1735,日勝化,673234.0,0.03300932513806492,0.23,993880.0,685984.0,0.19,0.22783302708083797
1471,首利,78458.0,0.036885977210736956,0.02,1504145.0,68718.0,0.23,0.016851637189017162
1531,高林股,438892.0,0.04797535612405786,0.12,1836081.0,431022.0,0.06,0.11262266723147653
2360,致茂,5514861.0,0.26055108188583537,3.34,4253268.0,5631766.0,3.39,3.449965354235528
4306,炎洲,5100720.0,0.09383028278360701,0.72,6792085.0,4320430.0,0.26,0.59685231949656
6969,成信實業*-創,39840.0,-0.7481425702811245,-0.83,473707.0,44015.0,-2.0,-0.6951447884646775
3050,鈺德,298811.0,0.050925166744196164,0.06,1549845.0,339309.0,0.18,0.11149093878940447
6464,台數科,1052429.0,0.2464964382395392,1.96,1276131.0,1083834.0,1.65,2.093525042827991
5534,長虹,2159774.0,0.17217958916071774,1.28,2903260.0,2496374.0,1.14,1.4804896899054774
1506,正道,262371.0,0.01960963673576729,0.02,3003885.0,254458.0,0.04,0.01661125157757329
2340,台亞,1080913.0,-0.05184968632998215,-0.13,4386228.0,1152919.0,-0.39,-0.1362867787855002
8463,潤泰材,1551901.0,0.03580640775410287,0.15,1500000.0,1743436.0,0.43,0.4161745353945473
2029,盛餘,3308011.0,0.04733750885350744,0.48,3211800.0,3356016.0,0.26,0.49463054085719105
6923,中台,559090.0,0.24899747804467975,1.68,826244.0,401707.0,4.0,1.2105870652361068
8210,勤誠,3607378.0,0.12672805566813347,3.77,1205877.0,4271630.0,5.34,4.489142461740866
1513,中興電,6133879.0,0.14638746541951675,1.82,5031125.0,6386327.0,1.86,1.8581892178592783
3593,力銘,197659.0,-0.06267359442271792,-0.13,930425.0,225326.0,-0.89,-0.15177999663479955
3622,洋華,472239.0,0.32648087091493927,0.94,1513276.0,486038.0,2.02,1.0485999218764803
4104,佳醫,2159513.0,0.12172327742412294,1.42,1633975.0,2059370.0,0.93,1.5341315860335443
2303,聯電,56799290.0,0.24252440479449655,1.11,125285889.0,60485085.0,1.17,1.1708508720059871
3051,力特,433883.0,0.131807422738388,0.34,1700000.0,496387.0,0.48,0.38486759500494233
2548,華固,1735822.0,0.1638537822426493,0.96,3044940.0,5423460.0,4.32,2.918462872311831
2538,基泰,580125.0,0.0506959706959707,0.07,4450255.0,215742.0,-0.12,0.02457668180787418
6446,藥華藥,2306483.0,0.29474312188730634,2.05,3409069.0,2713359.0,2.18,2.34593052373249
3494,誠研,236539.0,-0.07416535962357158,-0.06,1440000.0,276947.0,-0.13,-0.14263801285881444
5521,工信,1643372.0,0.004122012544938091,0.01,4922802.0,1992518.0,0.2,0.016683962085038063
8021,尖點,890069.0,0.08325197259987709,0.48,1421805.0,961832.0,0.48,0.5631884211244508
3481,群創,56860685.0,0.020814997216442258,0.12,90786334.0,55255575.0,0.04,0.12668697910171328
2439,美律,10294178.0,0.055772010159529005,2.24,2363498.0,12860446.0,2.63,3.034709252845038
6189,豐藝,9570257.0,0.043828708048279166,1.76,2175276.0,8922014.0,1.31,1.797658535324526
2408,南亞科,9921043.0,-0.082096711001051,-0.26,30986594.0,8132593.0,-0.48,-0.21546709432155411
3011,今皓,282447.0,-0.15399703307169132,-0.37,1127192.0,332950.0,-0.66,-0.45487647322922475
6873,泓德能源,1272111.0,0.08852057721378087,1.1,1048257.0,3845256.0,4.16,3.247145315077831
3027,盛達,436616.0,-0.024353207395056524,-0.17,1155464.0,537789.0,-0.48,-0.11334742624417597
2454,聯發科,127271121.0,0.2039361781059507,16.19,15993441.0,131813494.0,15.94,16.80785278737181
2062,橋椿,2042617.0,0.10427848196700605,1.06,1999942.0,1811439.0,0.38,0.9444979359192989
2421,建準,3676894.0,0.10311447651196907,1.39,2734437.0,4030569.0,1.28,1.5199107256095887
1519,華城,4645842.0,0.19148671005169784,2.91,2871644.0,5356877.0,4.28,3.5720679613545725
3311,閎暉,593207.0,0.045680512873246606,0.39,680000.0,650025.0,-0.55,0.4366687555945901
3576,聯合再生,1369596.0,-0.6166234422413617,-0.52,16277954.0,1334480.0,-0.49,-0.5055129478816885
2022,聚亨,1978688.0,-0.04875149594074457,-0.11,3371682.0,1918421.0,-0.19,-0.2773864605088473
1460,宏遠,1750376.0,-0.07054427163078104,-0.18,6946434.0,2121299.0,-0.23,-0.21542779052691524
2103,台橡,8944708.0,0.04167167894133604,0.39,8257099.0,9929893.0,0.43,0.5011388539943873
4904,遠傳,24970030.0,0.12577065385984718,0.86,36057054.0,24739152.0,0.88,0.8629266614455374
3023,信邦,8305344.0,0.11282819832628245,3.89,2400332.0,8469808.0,3.96,3.9812541632138125
1597,直得,249958.0,0.07644084206146633,0.22,892619.0,280376.0,0.15,0.2401044290321591
2330,台積電,673510177.0,0.36771743985094973,9.55,259336292.0,759692143.0,12.55,10.771807051935548
1305,華夏,3075862.0,0.030337837003090517,0.16,5810505.0,2562311.0,-0.71,0.13378350671624215
6205,詮欣,409119.0,0.19944808234279024,0.99,822359.0,343852.0,0.61,0.833949917368608
1472,三洋實業,537144.0,0.020869636447582027,0.26,424881.0,547256.0,0.49,0.2688054717381561
1528,恩德,975740.0,0.0106001598786562,0.05,1913310.0,954027.0,-0.34,0.05285520239038492
2727,王品,5359670.0,0.06646901768205879,4.24,844511.0,5728921.0,4.4,4.509067984290529
1537,廣隆,2113519.0,0.1276364205857624,3.29,820628.0,2204112.0,3.4,3.428166797259245
3504,揚明光,637576.0,-0.09100248440970174,-0.51,1140598.0,694324.0,-0.07,-0.553965630180675
3563,牧德,311610.0,0.2636308205770033,1.51,581462.0,346428.0,0.6,1.5706804212631282
3545,敦泰,2977338.0,0.035720163448019676,0.52,2193874.0,3813063.0,0.79,0.6208343487255706
2497,怡利電,1130802.0,0.07845847460474956,0.72,1227985.0,1348462.0,0.84,0.8615599667949511
2305,全友,164127.0,0.11672058832489475,0.06,2056608.0,197050.0,-0.01,0.11183362084276882
2904,匯僑,127543.0,0.20496616827266098,0.34,778344.0,124813.0,0.27,0.3286778385985584
2352,佳世達,49857346.0,0.016171799437539255,0.34,19667820.0,50797751.0,0.53,0.4176828143892201
2636,台驊控股,6835492.0,0.059990268440077175,2.84,1433912.0,7627941.0,2.3,3.19128529669234
2431,聯昌,86628.0,-0.18114235582028906,-0.14,1109270.0,112342.0,-0.15,-0.18345303251294018
2227,裕日車,5917371.0,0.06467804705839807,1.27,3000000.0,5262658.0,0.34,1.1345948059208502
1213,大飲,41904.0,-0.0014795723558610157,0.0,566226.0,63886.0,-0.32,-0.0016693680531543386
1413,宏洲,486867.0,-0.028860037751583082,-0.11,1321124.0,636867.0,0.03,-0.1391240009472045
3040,遠見,32266.0,0.40677493336639187,0.21,630000.0,35212.0,0.12,0.2273549040269427
6753,龍德造船,1273105.0,0.1701792075280515,2.01,1131375.0,996349.0,0.83,1.498688615546274
6283,淳安,380818.0,-0.018838395243922293,-0.07,1479063.0,356121.0,-0.17,-0.0453580959882091
6669,緯穎,77480880.0,0.0605786356582424,26.85,1748408.0,97818366.0,34.61,33.89199291354539
3714,富采,6606270.0,-0.0751872085155466,-0.41,7529405.0,6691416.0,0.01,-0.6681920949348119
1512,瑞利,264924.0,-0.0018797843909951534,0.0,981835.0,253313.0,-0.16,-0.004849835496149101
1108,幸福,1217113.0,0.10896605327525054,0.33,4047380.0,1144909.0,0.27,0.3082394415382638
6533,晶心科,278432.0,-0.27959429950580394,-1.54,506509.0,428629.0,-0.04,-2.366043347756372
2015,豐興,9017004.0,0.08598853898700722,1.34,5815994.0,8179356.0,0.78,1.2093046731042216
8150,南茂,5809559.0,0.07755769413822977,0.62,7272401.0,6068049.0,0.41,0.647136878670182
2489,瑞軒,5902021.0,0.042076265062425226,0.33,7401000.0,7429781.0,0.22,0.422398911919701
1418,東華,2448.0,-10.068627450980392,-0.45,568343.0,887.0,-0.47,-0.15713877973371024
2415,錩新,555082.0,0.010461517397429568,0.14,900000.0,611139.0,0.49,0.07103823645275233
9937,全國,6030242.0,0.028633842555572397,0.56,3090430.0,6188214.0,0.63,0.5733582232122678
1475,業旺,523999.0,0.28555779686602456,2.27,660168.0,521976.0,1.21,2.257824017173508
2536,宏普,182182.0,0.23260256227289194,0.14,3328087.0,73808.0,0.02,0.05158497934770818
8438,昶昕,918280.0,0.05851265409243368,0.77,699430.0,923563.0,0.64,0.7726308901758622
2301,光寶科,33285492.0,0.0938552147584299,1.36,23472500.0,36769493.0,1.48,1.4702348118323931
5306,桂盟,1357940.0,0.1929194220657761,2.07,1260008.0,1367651.0,2.55,2.094006073831918
8105,凌巨,1905540.0,-0.033849722388404335,-0.15,4415449.0,2461343.0,0.03,-0.18869151756172994
2033,佳大,149485.0,0.028551359668194134,0.05,806945.0,136313.0,0.06,0.04823031917231716
2450,神腦,7417089.0,0.012625842834028282,0.37,2582527.0,7813669.0,0.43,0.3820062936461804
2505,國揚,240084.0,0.2000924676363273,0.13,3800000.0,72990.0,0.1,0.0384335505599356
6515,穎崴,1255666.0,0.1784885471136433,6.52,347691.0,1930315.0,11.75,9.909348237995012
2850,新產,5063366.0,0.15957270321758293,2.56,3159633.0,5323089.0,2.58,2.688349251947237
9918,欣天然,473131.0,0.2286745108648556,0.61,1805375.0,378379.0,0.19,0.47926681573929625
1713,國化,153024.0,2.2203249163529906,2.25,1509517.0,105353.0,0.31,1.5496207787824623
2506,太設,339594.0,-0.01761515221116981,-0.06,3870000.0,341942.0,2.56,-0.01556423870127087
1454,台富,426567.0,0.0246948310581925,0.08,1298338.0,416009.0,0.0,0.07912632899666808
1717,長興,11569586.0,0.039329670050423586,0.38,11782655.0,11333522.0,0.38,0.37830495823667654
2374,佳能,1534973.0,0.09481534854359001,0.51,2875343.0,1711492.0,0.48,0.5643699221608203
2025,千興,225052.0,0.08815740362227396,0.07,2811673.0,169546.0,-0.38,0.05315957849487498
6269,台郡,7565466.0,0.011523943138466289,0.24,3225010.0,6416044.0,-1.03,0.22926479679101086
8464,億豐,7413635.0,0.2453022033051263,6.03,2930202.0,7860092.0,6.05,6.580085215220646
2429,銘旺科,64813.0,-0.658525295851141,-0.96,455000.0,77506.0,-0.4,-1.1217508039612862
1447,力鵬,9000089.0,0.0043000685882106275,0.02,9100712.0,7255093.0,-0.16,0.034280172269869444
2034,允強,3538894.0,0.00835176187814611,0.07,4702256.0,3796589.0,0.0,0.06743190348885485
8940,新天地,309150.0,-0.3245317806889859,-1.46,674910.0,297947.0,-0.31,-1.4326839202403474
2610,華航,50268867.0,0.07422232134255184,0.57,60517407.0,52100100.0,0.63,0.6389881119954602
1720,生達,1760104.0,0.1822301409462168,1.21,1786961.0,1743568.0,1.22,1.7780502338289048
1109,信大,1376035.0,0.15319305104884687,0.55,3411589.0,1059071.0,0.18,0.4755623193982431
4155,訊映,438764.0,0.0999899718299587,0.3,1470752.0,455147.0,-0.17,0.30943446419580056
3025,星通,119218.0,0.2931855927796138,0.61,567365.0,251410.0,1.55,1.2991599742797442
3591,艾笛森,668680.0,0.070506071663576,0.32,1436094.0,675195.0,0.22,0.33149185956412464
2020,美亞,1419039.0,0.13104150062119505,0.41,2670313.0,1234189.0,0.72,0.6056592564623401
2373,震旦行,2921189.0,0.08893810020508772,1.08,2362025.0,2812538.0,1.29,1.0590141360680645
6214,精誠,8907951.0,0.05415588837432985,1.87,2723033.0,9202841.0,1.79,1.8302680500849828
8478,東哥遊艇,1709326.0,0.3050143740866283,5.92,888863.0,937571.0,1.5,3.2172858103754365
2547,日勝生,1724811.0,-0.039645503188465284,-0.09,9550946.0,1784841.0,-0.06,-0.07408786475853131
5283,禾聯碩,1910943.0,0.10536891995208648,2.76,730004.0,1938409.0,3.13,2.7979033369050583
6285,啟碁,30712634.0,0.037918206559554614,2.45,4852534.0,25967008.0,1.09,2.029089076094278
6166,凌華,2521618.0,-0.04005682066038552,-0.42,2174973.0,2432740.0,0.18,-0.44804156140488305
3346,麗清,2553897.0,0.032654801661930764,0.73,1151590.0,2452614.0,0.65,0.695469947839723
1446,宏和,745226.0,0.3788931143035804,2.05,1377095.0,1593265.0,4.87,4.383700018959433
2331,精英,4990691.0,0.0058795465397477025,0.06,5574030.0,4737319.0,-0.05,0.04996974816090162
2705,六福,496576.0,-0.09848240752674314,-0.26,1913128.0,629090.0,0.15,-0.3238377032326057
2038,海光,2299034.0,0.0016459086729469856,0.05,1903277.0,2483196.0,-0.09,0.02147408828576851
6776,展碁國際,6027870.0,0.014969632722669865,1.01,815814.0,6579667.0,1.01,1.2073241992350103
2417,圓剛,881330.0,0.031023566654941964,-0.11,1576689.0,882643.0,-0.19,0.1736723852517392
2399,映泰,527498.0,0.016663570288418156,0.05,1781000.0,491390.0,-0.15,0.0459759225380449
6790,永豐實,2719536.0,0.0696460719769843,0.71,2671290.0,2832809.0,0.54,0.7385720738334247
8028,昇陽半導體,828058.0,0.12479077552538591,0.6,1726280.0,938147.0,0.73,0.6781755664597529
1776,展宇,294564.0,0.03076071753506878,0.17,601070.0,320994.0,0.24,0.16427380778365028
9910,豐泰,22266696.0,0.07607998959522329,1.6,9874828.0,22718942.0,1.45,1.750366559270178
3052,夆典,746992.0,0.05906488958382419,0.22,2352457.0,578190.0,0.23,0.14517046861418215
9929,秋雨,148539.0,0.04417021792256579,0.09,1012800.0,163762.0,-0.18,0.07141985809079009
1438,三地開發,1660.0,-21.083132530120483,-0.39,912058.0,1164987.0,-0.51,-269.29839239245166
2897,王道銀行,,,0.2,30330063.0,2668606.0,0.24,
2434,統懋,14779.0,-1.6680424927261654,-0.66,370000.0,13236.0,0.11,-0.5967083901006358
6719,力智,921750.0,0.10531163547599674,1.06,1038913.0,994560.0,0.06,1.0081569888817188
8070,長華*,4254691.0,0.16927997826399144,0.74,703286.0,4465629.0,0.62,10.748707923306448
2467,志聖,1349332.0,0.14766417753377226,1.25,1567553.0,1053570.0,1.1,0.992467543516911
2342,茂矽,475641.0,0.06080426203796561,0.18,1574517.0,525377.0,0.2,0.20288863681192554
2887,台新新光金,,,0.38,140761443.0,23480565.0,0.43,
2606,裕民,4163731.0,0.28992723112996494,1.44,8450557.0,4479498.0,1.84,1.5368554427740273
9908,大台北,814051.0,0.275062618926824,0.42,5163580.0,726139.0,0.64,0.38681243448325586
2393,億光,5555800.0,0.15153641239785448,1.85,4433931.0,5513463.0,1.25,1.8843107908271735
9921,巨大,21166075.0,0.05818088615862884,2.94,3920646.0,20457302.0,1.27,3.0357853240886583
2545,皇翔,3288176.0,0.2441523811377493,2.45,3277348.0,4447122.0,3.3,3.312969588551689
2748,雲品,492759.0,0.07045837823357869,0.33,1057787.0,519630.0,0.26,0.34612154508908216
3031,佰鴻,352540.0,0.16230782322573326,0.32,1732032.0,283324.0,0.46,0.2655014555597567
2107,厚生,471299.0,0.5042552604609812,0.79,3035934.0,381439.0,0.65,0.6335533720264546
2515,中工,5207155.0,0.029311975541346475,0.1,15308998.0,6358565.0,0.16,0.121746767331253
1582,信錦,2533982.0,0.13655108836605784,2.32,1434179.0,2468537.0,1.52,2.3503440924869445
2102,泰豐,57655.0,-1.2225479143179256,-0.15,4733292.0,75831.0,-0.28,-0.1958616347578865
6579,研揚,1919052.0,0.14713671125118027,1.97,1689872.0,1734104.0,-0.21,1.5098797987511285
2890,永豐金,,,0.42,126858509.0,17143955.0,0.47,
2501,國建,4341563.0,0.07522106669879028,0.3,11595611.0,3089435.0,0.07,0.20041254936594297
2114,鑫永銓,362551.0,0.2591552636732487,1.2,779918.0,363757.0,1.33,1.2087109317644922
1233,天仁,524403.0,0.03970610389337971,0.23,905919.0,540381.0,0.12,0.23684704844482146
1587,吉茂,517246.0,-0.05322032456510055,-0.4,720556.0,549623.0,-0.07,-0.40595199330023285
2892,第一金,,,0.46,140287499.0,19319855.0,0.5,
5244,弘凱,217220.0,0.15771107632814657,0.5,679441.0,230961.0,0.64,0.5361040605413134
6952,大武山,288134.0,0.04947697946094525,0.22,683450.0,299068.0,0.28,0.21650422552382728
4989,榮科,918323.0,-0.007856712725261155,-0.05,1377765.0,711982.0,-0.92,-0.04060081392368718
3694,海華,2389943.0,0.05277824617574561,0.83,1525548.0,2537605.0,0.93,0.8779162726233654
3045,台灣大,47743896.0,0.07698682570856806,1.07,37232618.0,47201517.0,1.38,0.975997702460518
2017,官田鋼,860795.0,-0.010426408145958096,-0.02,4468747.0,885231.0,-0.1,-0.020654066362348622
4930,燦星網,1935136.0,0.05812046285118979,0.74,800000.0,2534034.0,0.73,1.8409903620081485
6655,科定,631645.0,0.18014390994941779,1.45,821813.0,678849.0,1.4,1.4880576618434158
6116,彩晶,2176727.0,-0.4633222264436468,-0.35,29403289.0,2387081.0,-0.51,-0.37614420741207794
8481,政伸,275671.0,0.1885472175165324,0.78,666019.0,295106.0,0.82,0.8354328506008659
2464,盟立,1743603.0,0.008421068328054036,0.07,1955312.0,2185324.0,0.1,0.09411675846584257
1526,日馳,212106.0,0.023912572015878854,0.09,600000.0,160240.0,-0.51,0.0638625089970738
5515,建國,1351810.0,0.08203297800726433,0.44,2520001.0,1412127.0,0.68,0.4596862585945964
2471,資通,204076.0,0.21077931750916326,0.9,472539.0,225090.0,0.7,1.0040296478838266
2425,承啟,237209.0,0.01638639343363869,0.1,964988.0,1579170.0,-0.16,0.2681577482683641
6426,統新,77957.0,-0.4109958053798889,-0.84,385090.0,75176.0,-1.02,-0.8023324590417442
6153,嘉聯益,1969092.0,-0.1885178549300896,-0.59,5961777.0,2086488.0,-2.04,-0.6597701358124815
2006,東和鋼鐵,15434701.0,0.07574153849821905,1.59,7302138.0,14893134.0,1.48,1.5447926103562204
6409,旭隼,6507110.0,0.19733030485115513,14.71,877262.0,6700732.0,14.08,15.072549458267774
2420,新巨,563506.0,0.29619382934698124,1.1,1526487.0,582321.0,1.08,1.1299138931360924
6414,樺漢,36321094.0,0.033579577751705385,3.69,1370771.0,37712210.0,5.03,9.238305215704456
9925,新保,1951402.0,0.1855558208918511,0.88,3874896.0,1979917.0,0.46,0.9481160893937055
8487,愛爾達-創,229744.0,0.08667908628734591,0.74,265350.0,758211.0,3.35,2.476767917581113
2014,中鴻,8160301.0,-0.03274278730649764,-0.18,14355444.0,6705239.0,-0.43,-0.15293725113359988
4576,大銀微系統,582518.0,0.06482546462083576,0.22,1198018.0,597092.0,0.2,0.3230900230329099
8114,振樺電,3187853.0,0.1341256952563371,3.05,756408.0,3597436.0,3.51,6.378946344303291
1229,聯華,3939143.0,0.46941377858077254,0.74,17104388.0,2784397.0,0.44,0.7641514661845646
6742,澤米,179639.0,0.04774575676773975,0.12,712679.0,188492.0,-0.06,0.12627975827356777
3005,神基,8653783.0,0.14104756266710178,1.89,6121179.0,9136062.0,1.85,2.105181497674757
2704,國賓,296608.0,-0.029099012838493903,-0.02,3669234.0,327636.0,-0.91,-0.025983309242072837
1903,士紙,36531.0,-0.4548465686677069,-0.07,2600391.0,37945.0,,-0.06637137664334378
1231,聯華食,2650340.0,0.08152350264494367,0.87,2713222.0,3184220.0,0.66,0.9567546171750138
2329,華泰,4060360.0,0.08708291875597238,0.5,7404883.0,3914051.0,0.25,0.4603002981137344
2707,晶華,1388047.0,0.20375030528505159,2.32,1274032.0,1450508.0,1.74,2.319733317674985
2912,統一超,82841047.0,0.047686034195101375,3.23,10396223.0,87881001.0,2.87,4.0309797306057575
1402,遠東新,67515955.0,0.08189618290965446,0.68,53528751.0,67272271.0,0.4,1.0292304803756478
2351,順德,2784564.0,0.08404834652749946,1.2,1821403.0,2904926.0,0.86,1.3404733992682722
6224,聚鼎,674070.0,0.021984363641758275,0.45,856453.0,866947.0,0.93,0.22253735004876404
2527,宏璟,458980.0,0.005900039217395093,0.03,2703060.0,690285.0,1.27,0.01506702985201798
1709,和益,2977968.0,0.09287272395136549,0.57,4770163.0,2575595.0,0.41,0.5014556597867142
6202,盛群,682586.0,-0.05050059626186298,-0.15,2261682.0,683295.0,-0.32,-0.15257142658760015
3679,新至陞,978667.0,0.18214673632604347,2.84,630402.0,1119061.0,1.59,3.2333861393167935
1414,東和,142777.0,0.11721775916289039,0.08,2200000.0,122368.0,0.1,0.0651986488783844
2357,華碩,144906624.0,0.08640849986264258,15.9,7427603.0,166529002.0,16.83,19.373034943363297
2405,輔信,425932.0,0.0034911676042185136,0.0,3434273.0,399268.0,-0.02,0.004058825570946507
8271,宇瞻,1883778.0,0.047735455027078565,0.69,1287292.0,1897997.0,0.27,0.7038166199667988
2207,和泰車,,,10.54,5571028.0,66413179.0,7.69,
6024,群益期,644239.0,0.5309504702447384,1.63,2104376.0,807760.0,1.65,2.0380414519310706
6117,迎廣,757195.0,0.12045113874233189,1.03,886500.0,677751.0,0.84,0.920878507994971
2028,威致,2630881.0,0.037617056795803384,0.31,3257148.0,2331797.0,0.08,0.269301057812798
8162,微矽電子-創,236863.0,-0.004204962362209378,-0.02,687020.0,289731.0,0.64,-0.017733223926017953
3406,玉晶光,4987181.0,0.20229023169602225,8.86,1127431.0,7502998.0,12.22,13.462315687920517
4967,十銓,7476878.0,0.017573110060107977,1.83,811350.0,6200590.0,1.58,1.3429919332914886
1726,永記,2228662.0,0.08602829859350587,1.18,1620000.0,2355474.0,1.16,1.2508482753162942
2206,三陽工業,18078479.0,0.0782056388703939,1.62,7974896.0,16190850.0,1.32,1.5877520761458421
2530,華建,1797867.0,0.2860066957121967,0.62,8399880.0,2000407.0,0.63,0.681116630415611
1445,大宇,266023.0,0.010243475188235604,0.03,1306660.0,271668.0,-0.15,0.021297234303013713
2616,山隆,2971294.0,0.0018742675750026757,0.01,1372818.0,2161788.0,-1.74,0.029514248446843534
6830,汎銓,509291.0,0.07999552318811838,0.87,467812.0,518512.0,0.27,0.8866518755251607
6152,百一,861389.0,0.04837883929328097,0.25,1677385.0,613073.0,-0.17,0.1768214222855793
2379,瑞昱,30673780.0,0.1430130228488305,8.56,5128636.0,30752452.0,8.53,8.57538168147157
9938,百和,3721560.0,0.11024059802878362,1.17,2979639.0,4319276.0,1.53,1.5980444922736359
2511,太子,2184480.0,-0.04135217534607778,-0.05,16233261.0,1960165.0,0.07,-0.049932719487011605
2482,連宇,160677.0,0.0008153002607716102,0.01,778827.0,160617.0,-0.06,0.0016813885751823412
3501,維熹,1593609.0,0.11469187234760848,1.55,1182579.0,1569437.0,0.98,1.5221111491208084
9927,泰銘,2205659.0,0.14209948137948794,1.87,1673185.0,2189369.0,1.12,1.859377172568055
3706,神達,13107649.0,0.08497526902040176,0.92,12065568.0,15149859.0,0.95,1.0669728471516258
2712,遠雄來,30090.0,-2.4916583582585576,-0.72,1050000.0,94764.0,-0.35,-2.248757263447752
1232,大統益,5338089.0,0.08227700961898538,2.66,1599749.0,5411913.0,1.6,2.7834117599580437
2101,南港,2395380.0,0.22728752849234776,0.65,8339349.0,8788174.0,3.12,2.3952017698512313
1321,大洋,1333269.0,0.053464079641842716,0.32,2272283.0,1022106.0,-0.11,0.24048921981287233
6141,柏承,579584.0,-0.38984167954946997,-1.93,1133540.0,521682.0,-1.61,-1.794143894972622
1456,怡華,258169.0,-0.16149111628429438,-0.44,937200.0,304860.0,-0.17,-0.5253113712167092
6695,芯鼎,217460.0,-0.17374689598087004,-0.4,963183.0,276842.0,-0.29,-0.4993904395855826
8454,富邦媒,26656946.0,0.028812677941426598,3.2,2523574.0,25552937.0,2.31,2.917483474780464
2105,正新,24346068.0,0.09677587362361759,0.73,32414155.0,25388311.0,0.72,0.7579947639705863
6278,台表科,11502393.0,0.07474896745398979,2.94,2923984.0,11008957.0,2.26,2.814338821605635
1734,杏輝,769325.0,0.07904981639749131,0.39,1811399.0,751249.0,0.18,0.3278465733877459
6902,GOGOLOOK,196447.0,-0.05333754142338646,-0.32,319939.0,215731.0,-1.17,-0.35964859391348303
6443,元晶,1388834.0,0.021759979954407798,0.06,5127967.0,1206292.0,0.04,0.0511877118927686
2414,精技,5662382.0,0.020572614140126892,0.61,1617358.0,6479576.0,0.79,0.8241948711393944
4142,國光生,79800.0,-3.865814536340852,-0.65,4295078.0,888242.0,0.63,-7.994683298856205
2601,益航,1196398.0,-0.022431498548142005,-0.01,8247761.0,1110668.0,-0.07,-0.030206922375015214
3026,禾伸堂,3239323.0,0.05956090207737851,1.38,1658903.0,3411196.0,1.8,1.224748589415688
4737,華廣,474785.0,-0.07507608707099003,-0.59,610146.0,488271.0,-0.88,-0.6007984336575078
3043,科風,195626.0,-0.009191007330313966,-0.1,389756.0,232684.0,0.25,-0.05487023547159698
2492,華新科,8891190.0,0.14276649132455835,2.07,4858048.0,9387478.0,0.91,2.758756802004596
8374,羅昇,766564.0,0.009796964115194557,0.05,1122505.0,995798.0,0.15,0.08691094714039145
8072,陞泰,218639.0,0.14514336417565027,0.36,800000.0,259882.0,0.12,0.47150184710870424
1417,嘉裕,141452.0,-0.22067556485592285,-0.16,1899419.0,107043.0,-0.16,-0.12436315783338248
6771,平和環保-創,158064.0,0.16548992813037758,0.88,311795.0,158436.0,1.0,0.840923114651117
5522,遠雄,5349743.0,0.1939696916281773,1.33,7815962.0,8956227.0,1.53,2.2226778857701146
5203,訊連,530872.0,0.15991802167000707,1.08,789418.0,523033.0,0.55,1.059545166542045
1752,南光,512296.0,0.08615136561675281,0.44,1009885.0,579889.0,0.57,0.4946922595754286
6782,視陽,905072.0,0.16384442342708647,2.29,630000.0,1033197.0,3.15,2.687040742088817
3035,智原,2649116.0,0.1012881278132026,0.99,2605503.0,2884311.0,1.02,1.1212670306694186
1227,佳格,6357516.0,0.048027720260554595,0.33,9150897.0,7633934.0,0.54,0.40066066380108595
2385,群光,24673860.0,0.1174947495041311,3.4,7600532.0,27721129.0,3.29,4.2853409574839025
2023,燁輝,19876348.0,-0.01021963390860333,-0.05,19842172.0,16734635.0,-0.38,-0.08619109001479278
6794,向榮生技,3704.0,-7.008099352051836,-0.45,583845.0,14678.0,-0.23,-1.7618525856934093
1722,台肥,2918506.0,0.15442798472917307,0.46,9800000.0,2954541.0,0.75,0.4655753188058324
2348,海悅,1662403.0,0.34804978094962535,1.43,1818989.0,1900254.0,3.89,3.635992237713639
4440,宜新實業,285569.0,0.11619608570958333,0.49,675980.0,316488.0,0.38,0.5440200416292584
3130,一零四,651819.0,0.22863862513980107,4.49,331907.0,665047.0,4.54,4.581266190027607
2852,第一保,2029587.0,0.13551870405161248,0.91,3011638.0,1929553.0,0.82,0.868266776946303
6005,群益證,4349089.0,0.32131050893646923,0.58,21709081.0,4746521.0,0.57,0.7025203315550939
2613,中櫃,834078.0,0.05648872167830826,0.34,1484235.0,849135.0,0.36,0.3231735586501483
1906,寶隆,785922.0,-0.02383569870801428,-0.13,1510000.0,755611.0,-0.19,-0.11927494130106872
2615,萬海,38162396.0,0.30324718081118385,4.12,28061464.0,54479796.0,6.57,5.88737798860687
2314,台揚,501439.0,-0.38372962613598066,-0.76,2520283.0,352659.0,-1.09,-0.5369464707871648
6835,圓裕,594924.0,0.10950810523697145,0.98,661723.0,641127.0,0.44,1.0609968670616525
6177,達麗,4392132.0,0.07891247348668028,0.81,4288528.0,568870.0,0.03,0.10467680004040503
2426,鼎元,649521.0,0.2053359321715541,0.44,3006223.0,632988.0,0.03,0.43235375763344136
2849,安泰銀,,,0.17,19576094.0,1474224.0,0.24,
2836,高雄銀,,,0.15,18263271.0,1173346.0,0.14,
6757,台灣虎航,3967956.0,0.1694759216080017,1.5,4490000.0,4422368.0,2.1,1.6692313863913926
2332,友訊,3720181.0,0.02017213678581768,0.04,6025165.0,3680487.0,0.29,0.12322199840572623
4999,鑫禾,531440.0,0.062266671684479906,0.45,744172.0,504659.0,-0.15,0.4222603949841965
4952,凌通,791017.0,0.15034948679990442,1.1,1088158.0,656718.0,0.55,0.9073793904217919
3047,訊舟,2098891.0,0.12880230559852798,0.41,2229663.0,2164110.0,0.35,1.2501546537249368
5533,皇鼎,204043.0,0.1506643207559191,0.11,2852450.0,1193868.0,0.89,0.630592337437037
4562,穎漢,157646.0,-0.04163124976212527,-0.05,875460.0,224702.0,-0.18,-0.1068538263775509
3704,合勤控,6508825.0,0.020812051330309233,0.32,4107940.0,6401426.0,-0.28,0.3243153660938965
1605,華新,48313810.0,0.04782133721186551,0.55,40313329.0,43700745.0,0.07,0.5183963008995723
2539,櫻花建,478608.0,0.14083759569417978,0.08,9942521.0,8000.0,-0.22,0.0011332143684216892
1459,聯發,309710.0,0.3698556714345678,0.36,3586289.0,280670.0,0.19,0.28945629117324384
6139,亞翔,18796216.0,0.07208136999489685,4.62,2329559.0,16315460.0,4.33,5.048340518084925
1444,力麗,2003295.0,0.04853753441205614,0.1,9955950.0,2037673.0,-0.08,0.09934122143845406
2646,星宇航空,8337428.0,0.033289762742179006,0.09,25387350.0,9594592.0,0.64,0.1258113553750229
2380,虹光,610445.0,-0.09784992915004628,-0.27,2169341.0,484128.0,-1.16,-0.21836995889329341
2387,精元,6033142.0,0.06010218224600051,1.89,1952510.0,6637277.0,2.17,2.0430872664989552
3543,州巧,789765.0,-0.018870170240514583,-0.08,892631.0,851805.0,-0.5,-0.1800711084616322
1539,巨庭,321024.0,0.08309347587719298,0.41,653700.0,340324.0,0.03,0.4325945247732878
5285,界霖,1264123.0,0.0852440783056712,1.06,1020409.0,1347427.0,0.06,1.1256287694363303
4755,三福化,1202733.0,0.09144257287361368,1.1,1007060.0,1235160.0,0.94,1.1215439825886508
6657,華安,1630.0,-29.88834355828221,-0.64,762240.0,2115.0,-1.18,-0.8293168375546661
8112,至上,70053268.0,0.012752395791157094,1.51,5534132.0,60466743.0,1.0,1.3933455850676812
2440,太空梭,1108424.0,-0.002966373878587977,-0.02,1391173.0,970518.0,-0.05,-0.020694185725998467
6592,和潤企業,7684197.0,0.13855123703882136,1.55,7231505.0,7180513.0,1.17,1.3757426133610338
6625,必應,706764.0,0.09028897906514763,1.21,489724.0,1060444.0,1.46,1.955109533446623
1718,中纖,,,0.07,16859057.0,11301152.0,0.14,
3437,榮創,529814.0,-0.03584465491663112,-0.09,1445480.0,509463.0,-0.19,-0.12633537252533167
2012,春雨,2202016.0,0.07900850856669525,0.55,3021627.0,2379777.0,0.15,0.6222562595956559
6472,保瑞,5027311.0,0.2414059921894627,11.61,1015593.0,5614833.0,14.19,13.34643239312537
3168,眾福科,869932.0,0.0989617579305049,0.89,780996.0,892147.0,0.75,1.1304595087865514
6504,南六,1708010.0,-0.003943770821013929,-0.09,726000.0,1687318.0,-0.63,-0.0916583401401044
3057,喬鼎,138703.0,-0.22996618674433864,-0.35,926787.0,140244.0,-0.4,-0.34799126329753255
6901,鑽石投資,-90729.0,1.4776532310507116,-0.16,8503500.0,-756686.0,-0.95,-1.3148932942798126
1432,大魯閣,317571.0,-0.036328883934616196,-0.12,1080000.0,329980.0,-0.07,-0.1109981955624505
3321,同泰,552913.0,-0.07027687900266408,-0.4,971598.0,504714.0,-0.94,-0.36506584728406805
1215,卜蜂,6704985.0,0.054071261904389045,1.28,2947901.0,7013970.0,1.74,1.2865228813977392
1423,利華,18129.0,1.4518175299244305,0.26,996480.0,30195.0,0.32,0.43992483859252746
1309,台達化,4943005.0,-0.007972680585999812,-0.09,3975868.0,5185409.0,-0.25,-0.10398134360790827
3019,亞光,5614268.0,0.09831468679443162,1.59,2792439.0,6827724.0,2.46,2.40386825487978
1762,中化生,461158.0,0.04570450908365463,0.27,775600.0,348180.0,-0.1,0.20517529619322936
1201,味全,5905868.0,0.017542213947213177,0.2,5060629.0,6506095.0,0.28,0.2255279145159503
2368,金像電,9573005.0,0.1588511653341871,3.13,4918395.0,10441015.0,3.27,3.372172019574938
3010,華立,21154439.0,0.0309883897181107,2.3,2593513.0,21412935.0,2.77,2.5585079958672767
2376,技嘉,73923373.0,0.044333934816529544,4.66,6356889.0,70434608.0,2.88,4.912219357455841
2049,上銀,6182917.0,0.09018445500724011,1.64,3537923.0,6326487.0,1.88,1.6126715652245385
2354,鴻準,13497811.0,0.06259992824021614,0.61,14144852.0,20214985.0,0.69,0.8946411106860966
3018,隆銘綠能,207039.0,0.04099227681741121,0.25,730736.0,321155.0,0.29,0.18015910891615708
3419,譁裕,400698.0,-0.04694807560806393,-0.16,1204804.0,354093.0,-0.51,-0.13798082456803085
6792,詠業,308250.0,0.07111111111111111,0.46,478753.0,327094.0,0.34,0.4858458908409509
6919,康霈*,7848.0,-22.508919469928646,-1.26,697194.0,23257.0,-3.82,-7.508526179401008
6416,瑞祺電通,1124518.0,0.08432146039458684,1.3,733485.0,1119929.0,1.2,1.2874707569786599
6213,聯茂,7595918.0,0.026361264036815563,0.55,3629572.0,7962863.0,0.69,0.5783357763173985
2211,長榮鋼,3343618.0,0.2563642138545731,1.91,4170915.0,3278484.0,1.95,2.0151117279896527
2444,兆勁,325064.0,-0.053589447001205916,-0.17,1015696.0,361517.0,-0.3,-0.19074108898267747
2458,義隆,3151434.0,0.22786452135757881,2.58,3038804.0,3402700.0,2.49,2.5515123937688426
2462,良得電,1078417.0,0.07932460263515875,0.57,1501440.0,1130806.0,0.12,0.5974313765948245
6552,易華電,574998.0,0.1166577970705985,0.8,830000.0,492754.0,-0.71,0.6925734474424783
2233,宇隆,939751.0,0.1917444088912914,3.01,602881.0,963997.0,3.11,3.0659621871974445
2597,潤弘,6780331.0,0.09852513100024173,3.41,2589300.0,6881231.0,1.19,2.6183686159113444
2540,愛山林,2621710.0,0.20933055143398774,1.31,6249101.0,2552543.0,-0.24,0.8550433634357412
6281,全國電,5537831.0,0.025873848443551273,1.45,991729.0,5516633.0,1.24,1.4392694593048463
1707,葡萄王,2758268.0,0.17632659335496043,2.21,1481374.0,2899237.0,2.81,3.450935304242247
2013,中鋼構,4723096.0,0.02907732555086748,0.69,2000000.0,4889880.0,0.72,0.7109231633233795
3094,聯傑,41930.0,0.08080133555926544,0.04,831171.0,43671.0,0.01,0.042454261821077505
8473,山林水,669983.0,0.10031150044105597,0.2,1692354.0,797684.0,-0.07,0.4728140738747525
1217,愛之味,1202414.0,0.10195656404532881,0.24,4945134.0,1700441.0,0.22,0.35058933028266365
3056,富華新,75428.0,-0.2778543776846794,-0.06,3559667.0,125548.0,-0.14,-0.09799810322020608
2498,宏達電,766559.0,-1.0687970528035025,-0.99,8323822.0,773874.0,-1.05,-0.993671237132723
1218,泰山,2556095.0,0.07939963107787465,0.42,4999990.0,2988719.0,0.55,0.4746073212055113
2401,凌陽,1787686.0,0.06279010967250401,0.01,5919949.0,1786548.0,0.01,0.1894907284761958
2457,飛宏,2600492.0,0.017383633558572763,0.1,4312084.0,2962316.0,0.24,0.1194221073353326
2308,台達電,103443972.0,0.11556029577054523,3.83,25975433.0,112203112.0,4.75,4.991726147200555
6715,嘉基,558493.0,0.1548184131224563,1.49,663328.0,580566.0,1.35,1.355020545384063
4540,全球傳動,579193.0,-0.15279708145644025,-0.93,951588.0,495561.0,-0.9,-0.7957254030487457
1527,鑽全,754837.0,0.16958495675225246,0.93,1385706.0,836117.0,0.85,1.0232535998604544
2369,菱生,1370170.0,0.0666749381463614,0.27,3801023.0,1371315.0,-0.25,0.24054667073621386
1725,元禎,2031037.0,0.030241201908187788,0.34,1818300.0,2159464.0,1.08,0.35915298266217255
2228,劍麟,1204797.0,0.0932771246940356,1.48,757803.0,1360613.0,1.79,1.6747633416775316
3032,偉訓,1783707.0,0.14190222945808925,1.92,1132856.0,1604134.0,0.62,2.0093479749369956
2480,敦陽科,1786850.0,0.11223158071466548,1.88,1063603.0,1762560.0,1.71,1.8598564963096267
3515,華擎,5224422.0,0.06659128990728544,2.17,1216357.0,6265171.0,2.5,3.4299619139752346
4564,元翎,296939.0,-0.32211329599682087,-0.47,2027883.0,289480.0,-0.37,-0.45981625628874895
1524,耿鼎,639873.0,0.16291514097328688,0.63,1653104.0,734994.0,0.69,0.7243443311765021
2451,創見,2331950.0,0.30688522481185276,1.67,4298677.0,2516920.0,0.81,1.796844843270263
1434,福懋,7623397.0,0.03182478887036842,0.14,16846646.0,7090994.0,0.57,0.13395508336261666
4976,佳凌,309149.0,0.02961678672743564,0.07,1406900.0,319641.0,-0.2,0.06728793323153213
2032,新鋼,732348.0,0.03340078760370753,0.19,1305215.0,739200.0,0.01,0.18916318151921793
8081,致新,2059054.0,0.1842350904832996,4.28,861721.0,2277988.0,4.83,4.8703156276784565
5608,四維航,836468.0,-0.013221067631995485,0.06,3892716.0,942553.0,0.2,-0.03201249965253114
6164,華興,236265.0,0.07673163608659768,0.18,1000002.0,181398.0,0.05,0.13918937484961677
6438,迅得,1249590.0,0.0679590905817108,1.16,752817.0,1314148.0,0.6,1.1863215491915577
6958,日盛台駿,2848605.0,0.060833636113115014,0.49,3511931.0,3015536.0,1.21,0.5223508654070892
2427,三商電,823102.0,0.07207855162543646,0.3,1968181.0,1036208.0,0.18,0.37947918317822527
1102,亞泥,18984772.0,0.20592298922525906,1.27,35465629.0,19953208.0,0.56,1.1585369699754522
9902,台火,20894.0,1.0379056188379439,0.22,980496.0,8431.0,0.07,0.08924648619089424
3060,銘異,876686.0,0.038721959743853555,0.24,1375632.0,921358.0,-0.32,0.25934833869579527
1538,正峰,27678.0,-0.48543969940024567,-0.25,538390.0,29147.0,-0.39,-0.2628041181749097
2516,新建,2322300.0,0.0020247168755113463,0.02,2262785.0,2309748.0,0.36,0.02066738887600272
2441,超豐,3985796.0,0.1811083658069806,1.27,5688459.0,3860242.0,1.18,1.2290184744927763
1525,江申,376080.0,0.19074133163156776,0.98,734001.0,403399.0,1.09,1.0482937004015362
9934,成霖,4878715.0,0.04549292180420459,0.54,4094640.0,4556612.0,0.01,0.5062559673331484
8016,矽創,4377074.0,0.15383450222683007,4.43,1201369.0,4683339.0,3.87,5.996984472085597
1468,昶和,340210.0,0.24322624261485554,0.46,1604053.0,250456.0,0.09,0.37977218845229094
2436,偉詮電,745942.0,0.1255700845374037,0.51,1780116.0,847481.0,0.09,0.597816439006466
4949,有成精密,631160.0,-0.1075147347740668,-1.06,665050.0,573895.0,-0.16,-0.9277824030247811
4414,如興,3315833.0,-0.02545574520791608,-0.09,8821149.0,4412313.0,-0.01,-0.1273288950289535
3533,嘉澤,7374282.0,0.3070926769548547,20.01,1124182.0,8055827.0,18.32,22.00609401782982
3518,柏騰,93607.0,-0.4873032999668828,-0.53,840422.0,105990.0,-0.71,-0.6145635973771499
2889,國票金,,,0.16,35321896.0,2053855.0,0.14,
2468,華經,596188.0,0.022130603098351527,0.19,699612.0,540732.0,0.12,0.1710480276864579
1733,五鼎,437997.0,0.062466181275214215,0.27,999502.0,509560.0,0.34,0.318461267016956
4164,承業醫,958455.0,0.029066570678852946,0.17,1668451.0,963045.0,0.56,0.16777487357684423
4915,致伸,15368051.0,0.051588454515149644,1.6,4629318.0,16008535.0,1.7,1.7839681346187088
2327,國巨*,31417937.0,0.1746217773624029,13.02,5075317.0,31737967.0,7.02,10.919791231580785
5258,虹堡,1885389.0,0.0831918505942275,1.46,1103649.0,2098000.0,1.38,1.5814493788033088
6988,威力暘-創,206785.0,0.0327489904973765,0.15,460000.0,141830.0,0.57,0.10097368091832412
6914,阜爾運通,1144384.0,0.0981078029752251,1.74,662260.0,1187499.0,1.44,1.759171895105802
3305,昇貿,2025743.0,0.054565658131362174,0.84,1342375.0,2290892.0,0.95,0.9312154181050195
6128,上福,1390953.0,0.06759250672021269,0.74,1275887.0,1356152.0,0.57,0.7184469563027908
3042,晶技,2922726.0,0.17758284560372747,1.67,3105907.0,3668273.0,1.53,2.0973659475036506
1203,味王,1523093.0,0.1162634192396656,0.5,2400000.0,1440381.0,0.44,0.6977650836160365
8476,台境*,594119.0,0.2952253673085695,2.08,831132.0,384213.0,-0.6,1.3647582339475248
6645,金萬林-創,121220.0,-0.3342765220260683,-0.73,527320.0,124539.0,-0.67,-0.7894724982288652
5880,合庫金,,,0.3,152242106.0,18778199.0,0.38,
2010,春源,6196153.0,0.04086955244649382,0.39,6476554.0,6157219.0,0.46,0.3885442549310146
2323,中環,1764179.0,0.7918017389391893,1.29,10893483.0,1909112.0,-0.66,1.3876537021535476
9943,好樂迪,643157.0,0.2275478615641282,1.68,1252200.0,625232.0,1.35,1.1361619915465822
3021,鴻名,859708.0,0.018458592917595277,0.17,958900.0,999205.0,0.48,0.1923445441258295
2007,燁興,1883052.0,-0.15554854565885595,-0.56,5306516.0,1936975.0,-0.56,-0.5677805253532875
3712,永崴投控,5913408.0,0.04828281762394883,1.02,2462421.0,5335265.0,1.57,1.0461315387191603
1805,寶徠,1796.0,23.222160356347437,0.42,1001858.0,1317.0,0.17,0.30526866271776615
6606,建德工業,204697.0,0.28287175679174587,0.37,1103038.0,172816.0,0.16,0.4431829685080872
1467,南緯,1024242.0,0.0027083443170656933,0.0,2336247.0,1447642.0,0.28,0.016782099597540904
8163,達方,5197954.0,0.030810776701756113,0.62,2800000.0,5350755.0,0.68,0.5887889910385894
2472,立隆電,2737008.0,0.16055597937601937,1.88,1647351.0,2791484.0,1.6,2.7206675901643793
3209,全科,11498053.0,0.021174715406164852,0.82,2324776.0,13544473.0,1.05,1.233668796914128
1103,嘉泥,738302.0,0.10260299985642732,0.11,7902474.0,775735.0,0.74,0.10071875983853366
2493,揚博,903239.0,0.2055701757785038,1.63,1144373.0,969415.0,1.59,1.7414148354803745
6916,華凌,508454.0,0.0014140905568645345,0.01,675000.0,567290.0,0.17,0.011884436029684173
3450,聯鈞,1704853.0,0.10040396444737464,0.47,1456814.0,2100770.0,1.04,1.4478556383458097
2059,川湖,2516669.0,0.5787050263662007,15.29,952971.0,2576679.0,12.12,15.647245179887273
2908,特力,9856848.0,0.004669748382038558,0.2,5098875.0,8930897.0,0.14,0.08179263428874607
1314,中石化,8492666.0,0.02452445439394414,0.06,37848502.0,7325545.0,-0.15,0.04746687048889953
9930,中聯資源,3381094.0,0.08880675899575699,1.17,2485404.0,3420027.0,1.13,1.2220206998459076
6191,精成科,5681273.0,0.1513880779888592,1.82,4743030.0,5895245.0,1.9,1.881644876425897
3058,立德,834537.0,-0.10553157020000312,-0.42,2023628.0,780324.0,-0.26,-0.40693653667940566
9941,裕融,10490298.0,0.12910948764277239,2.35,6482250.0,10521223.0,2.78,2.0955527955653555
3090,日電貿,2838738.0,0.08004261048395449,1.06,2126572.0,3294066.0,1.24,1.2398622842134572
6442,光聖,1441848.0,0.1709514456447559,3.35,756000.0,1640899.0,3.45,3.7105033889819357
3024,憶聲,421754.0,0.06298695448057398,0.1,2771575.0,380030.0,0.02,0.08636581117686705
4108,懷特,44125.0,-0.5300849858356941,-0.08,1986189.0,39819.0,-0.06,-0.10627112551218189
6668,中揚光,196821.0,-0.3440994609315063,-0.68,927635.0,265509.0,-0.08,-0.9848863375407709
3149,正達,564687.0,-0.07771561944935867,-0.29,1855456.0,639316.0,-0.28,-0.26777697215070684
2002,中鋼,94572214.0,0.01734380459782828,0.09,157731290.0,85615737.0,-0.01,0.09414128376348516
2027,大成鋼,24135340.0,0.051084343539390786,0.4,24342606.0,21711964.0,0.12,0.45563791645433743
1342,八貫,619922.0,0.2232248573207597,1.61,784902.0,589978.0,1.46,1.6778878748224257
3588,通嘉,378685.0,0.11804270039742794,0.75,600641.0,428712.0,0.78,0.842538590818511
4526,東台,1369616.0,-0.10249004100419387,-0.56,2548265.0,1339753.0,-0.55,-0.538842466954935
4555,氣立,393614.0,0.025301437448871228,0.12,699627.0,390198.0,-0.79,0.14111191091359618
2617,台航,1126271.0,0.21543216508282642,0.58,4172945.0,1152628.0,0.96,0.5950549206258123
3030,德律,1727000.0,0.26990445859872614,1.97,2362160.0,1625974.0,1.64,1.857865818427224
2630,亞航,1264925.0,0.033128446350574145,0.2,2094382.0,1402191.0,0.16,0.22179530437502762
2108,南帝,3060766.0,0.07711958379046291,0.33,4924167.0,3144838.0,0.25,0.49252715768663363
2528,皇普,693.0,-234.6161616161616,-0.42,4085306.0,23701.0,-0.27,-13.61131246096289
3046,建碁,1933504.0,0.04036557462513654,1.01,784480.0,2259197.0,1.25,1.1624743154240338
2353,宏碁,67138026.0,0.024118418375899228,0.47,30478538.0,72584367.0,0.5,0.5743779871776702
2483,百容,504353.0,0.0450160899211465,0.21,1090938.0,419591.0,0.14,0.17313858520011022
9928,中視,223114.0,-0.0123972498364065,-0.05,607246.0,204833.0,-0.26,-0.04181774562106054
6197,佳必琪,1750961.0,0.19458343161269726,2.65,1220859.0,1886169.0,2.18,3.0062213295842484
1563,巧新,1873255.0,0.08749743094239706,0.71,2377841.0,1717939.0,0.78,0.6321501270091259
8341,日友,948909.0,0.15268165862058428,1.01,1300000.0,988603.0,1.22,1.1610888135175805
2406,國碩,2466464.0,-0.04953609701986325,-0.12,3509057.0,1833789.0,-0.22,-0.25886940513636003
1760,寶齡富錦,506416.0,0.0397301823007172,0.24,857391.0,523556.0,0.32,0.242607810492929
1909,榮成,12602917.0,0.010133923757492015,0.1,13276857.0,11711933.0,-0.2,0.08939452769194903
2317,鴻海,1550550895.0,0.025116858869698694,2.53,138629906.0,1853687765.0,3.55,3.3584971183629166
3036,文曄,243647108.0,0.008940528857005765,1.71,12511182.0,261255812.0,2.57,1.8669420093532914
3338,泰碩,1013314.0,0.07333659655348687,0.85,879081.0,929521.0,0.47,0.7754451133057553
4906,正文,7609850.0,0.03920892001813439,0.74,4157285.0,6174640.0,0.22,0.5823535454046892
2504,國產,5503805.0,0.36225393159823066,1.66,11800000.0,5368112.0,0.73,1.647982777338679
4961,天鈺,5022949.0,0.14612352225754233,4.91,1212545.0,5307409.0,4.2,6.395946518614818
1476,儒鴻,9593234.0,0.1807042338381405,6.32,2743671.0,10031710.0,6.47,6.6071058433624605
6209,今國光,619120.0,-0.019075461945987852,-0.06,1743288.0,526108.0,-0.36,-0.05756795855578526
2855,統一證,3600361.0,0.37413637132498656,0.92,14558313.0,2660732.0,0.37,0.6837856938151241
2312,金寶,40074894.0,0.01684723108687449,0.3,15028592.0,45947923.0,0.35,0.515081703424323
2911,麗嬰房,664622.0,-0.1536362022322463,-1.15,1051260.0,595139.0,-1.35,-0.8697648132745166
2109,華豐,1214403.0,0.14439358269042485,0.43,2793492.0,1238626.0,0.22,0.6402368281473875
5222,全訊,363251.0,0.32310716281579405,1.57,819975.0,330671.0,1.25,1.302993001438598
9924,福興,1971444.0,0.1195453687753748,1.24,1884521.0,2223325.0,1.16,1.4103754059122195
3189,景碩,7300482.0,0.05768441042659923,0.2,4543741.0,8197120.0,0.41,1.04065358125845
2608,嘉里大榮,3087132.0,0.09555827220863895,0.55,4670005.0,3238647.0,0.57,0.6626963174850817
1452,宏益,447849.0,0.10717674930612774,0.36,1326414.0,462819.0,0.05,0.373966468516713
1789,神隆,762359.0,0.09822406504022384,0.09,7907392.0,724223.0,0.04,0.0899615537659269
4736,泰博,1163350.0,0.23986418532685777,2.81,953744.0,1231981.0,1.04,3.098400817233635
2496,卓越,196835.0,0.12262046892066959,1.27,191004.0,227285.0,2.09,1.4591209230505322
2423,固緯,671255.0,0.08823025526811719,0.41,1450472.0,673213.0,0.57,0.4095063871609722
3592,瑞鼎,6452106.0,0.09165766960431214,7.8,758552.0,6199541.0,7.08,7.491055071720685
9933,中鼎,30830077.0,0.028521563536802064,0.76,8104245.0,28324571.0,0.47,0.9968369063733404
1216,統一,162120139.0,0.05711478572073023,1.04,56820154.0,178926642.0,1.08,1.7985443716959668
9958,世紀鋼,3033421.0,0.22543590223711116,2.18,2568967.0,2867562.0,1.69,2.5163866514862003
6412,群電,8897788.0,0.10249468744366577,2.28,4007691.0,10362561.0,2.21,2.6501730068783265
2337,旺宏,6455575.0,-0.04431332607862196,-0.16,18558264.0,7754539.0,-0.16,-0.1851624781802819
6838,台新藥,5328.0,-18.16891891891892,-0.72,1341621.0,4333.0,-0.29,-0.5867970587496445
2371,大同,12670336.0,-0.07642843883540262,-0.37,23395367.0,12131539.0,3.09,-0.39631546982819355
1442,名軒,3066738.0,0.2845163166856771,2.38,3662113.0,2451342.0,2.06,1.9044928345381509
1307,三芳,2497678.0,0.11981928815483821,0.75,3978181.0,3110957.0,0.97,0.9369926939480908
2382,廣達,309954132.0,0.04930652448924282,3.93,38626274.0,424549240.0,4.31,5.41938047116567
3008,大立光,10985235.0,0.4094748997176665,33.7,1334682.0,18977162.0,49.67,58.221145612781996
2542,興富發,10029550.0,0.2108454516902553,0.37,20705557.0,9498320.0,0.83,0.9672174338022327
8215,明基材,4588925.0,0.018159808669786497,0.23,3206745.0,4492067.0,0.14,0.2543859185930338
3167,大量,490178.0,0.052146363157873264,0.31,825001.0,721319.0,0.52,0.45592869010672693
2603,長榮,106328606.0,0.28746465461984894,13.72,21514344.0,152792593.0,28.82,20.4154353835823
1236,宏亞,343063.0,-0.07581697822265882,-0.3,866740.0,504260.0,0.0,-0.44109501625121644
2324,仁寶,237209113.0,0.013853603508057467,0.67,44071466.0,244317401.0,0.76,0.767997235121038
1731,美吾華,350274.0,0.13417210526616305,0.35,1329152.0,351804.0,0.3,0.35513081514422146
3150,鈺寶-創,111850.0,0.16117121144389807,0.43,443980.0,103960.0,0.36,0.37738995318950497
6282,康舒,7939041.0,0.0175852473869325,0.16,8612721.0,8457727.0,-0.26,0.17268784351210084
1723,中碳,2029330.0,0.17015566714137179,1.48,2369044.0,2100278.0,1.49,1.5085165335567683
4551,智伸科,1855388.0,0.0916762423816474,1.47,1152225.0,2215678.0,1.76,1.7628938216727092
2645,長榮航太,3983640.0,0.1262812402727154,1.34,3745709.0,4027962.0,1.08,1.357969978798052
6215,和椿,346387.0,0.15667158409524606,0.65,827897.0,467642.0,0.51,0.8849677306412399
1504,東元,14525927.0,0.12125979980485926,0.78,21387966.0,13504126.0,0.84,0.765621011039383
2392,正崴,21450241.0,0.021175845996322374,0.57,5123269.0,24831163.0,1.49,1.0263386201223832
2905,三商,,,1.24,11224957.0,29966382.0,-0.94,
2486,一詮,1338299.0,0.026050232421902728,0.13,2339586.0,1465434.0,-0.06,0.16316945091549787
3380,明泰,5684460.0,0.051314460828293273,0.49,5417185.0,4950977.0,-0.05,0.46898290408815824
4919,新唐,8227916.0,-0.002593487828509674,-0.05,4197653.0,7956815.0,-0.25,-0.04916057343521058
1440,南紡,4333447.0,-0.007874562674932912,-0.04,16568159.0,4632080.0,-0.03,-0.022015484203950022
1463,強盛新,66519.0,-0.13215772937055578,-0.05,1732684.0,72151.0,0.22,-0.05503203314519538
6112,邁達特,4421465.0,-0.01147990541596507,0.0,1883573.0,4295187.0,0.22,-0.2617808840107751
3557,嘉威,1186844.0,0.0676761225569662,1.0,803004.0,1252051.0,1.08,1.0552121399591048
2321,東訊,170751.0,-0.026822683322498844,-0.43,302719.0,130794.0,0.21,-0.11589117440540282
2430,燦坤,4732159.0,0.008119127020034618,0.33,1168000.0,4968643.0,0.17,0.34538564755313245
2302,麗正,203421.0,0.15638994990684343,0.19,1663029.0,201392.0,0.08,0.18938746583276067
6806,森崴能源,4249451.0,0.023435968552172975,0.63,2208509.0,3341863.0,0.78,0.35462747117476284
2024,志聯,298077.0,0.01592541524505413,0.05,975000.0,261009.0,-0.01,0.0426325816173983
3049,精金,314958.0,-0.6302713377656703,-0.24,8020105.0,424163.0,-0.37,-0.33333451549661763
6796,晉弘,122532.0,0.019390853001664873,0.07,347102.0,104134.0,-0.65,0.058174458414972256
2605,新興,1148365.0,0.6108475963652671,1.2,5853533.0,1091007.0,0.42,1.1385243810322432
1514,亞力,2216078.0,0.0908763139203584,0.77,2672919.0,1941718.0,0.53,0.6601628201707963
1319,東陽,6185861.0,0.17216665553913998,1.76,5914771.0,6315451.0,1.49,1.8382961519411611
4934,太極,197618.0,-0.31180358064548774,-0.12,2250000.0,73934.0,-0.39,-0.10245727080641552
6491,晶碩,1638349.0,0.293597395915034,6.08,780000.0,1659030.0,5.61,6.24470368903742
3017,奇鋐,16483855.0,0.13105732851932997,5.08,3833101.0,19064683.0,6.02,6.518394435857249
3016,嘉晶,1047959.0,0.14306571154024156,0.52,2885418.0,1054584.0,0.16,0.5228871877105989
1453,大將,343.0,36.53644314868804,0.12,1099448.0,344.0,-0.15,0.11431678845337558
6689,伊雲谷,3093526.0,0.007267435282586925,0.46,680000.0,3332817.0,0.88,0.35619164494419864
9919,康那香,664997.0,-0.11559149890901764,-0.4,1953628.0,815954.0,-0.6,-0.4827804776590455
6861,睿生光電,509917.0,0.1195135678943828,1.51,402704.0,483746.0,0.75,1.4356502645773594
6155,鈞寶,144149.0,0.18727150379121604,0.31,878113.0,158858.0,0.25,0.3387898430983825
1540,喬福,201770.0,0.34928383803340435,0.82,854736.0,96255.0,0.14,0.39334152100654857
2438,翔耀,88507.0,-0.08999288191894426,-0.07,651956.0,103151.0,-0.37,-0.14238469717007007
3686,達能,23351.0,-0.11267183418269025,-0.04,764951.0,15880.0,0.06,-0.023390108998107343
2412,中華電,54115733.0,0.1868440920868613,1.27,77574465.0,55613476.0,1.16,1.3394935345044858
6183,關貿,568860.0,0.22726857223218366,0.86,1500000.0,640975.0,1.0,0.9711564872434927
8033,雷虎,351073.0,0.15120217162812294,0.33,1426298.0,281076.0,-0.21,0.297969299491034
3164,景岳,94186.0,0.1319622873887839,0.17,865114.0,83819.0,0.07,0.12785536896455818
2241,艾姆勒,169493.0,-0.2794451688270312,-0.4,1046023.0,169111.0,-0.43,-0.45178023758089514
1560,中砂,1731114.0,0.14999127729311876,1.75,1451480.0,1859597.0,1.96,1.9216477614603835
3028,增你強,9628771.0,0.010418567437111132,0.43,2346118.0,9562722.0,0.43,0.42465836773489757
1326,台化,96475275.0,0.020602242388010814,0.32,58611863.0,86898525.0,-0.33,0.3054508735220748
1439,雋揚,30981.0,0.3833317194409477,0.13,920000.0,14005.0,0.38,0.05835392098663557
6133,金橋,349592.0,0.11211068903178563,0.34,1170064.0,323243.0,0.07,0.30971806204362734
2546,根基,3508266.0,0.03841498905727217,1.11,1231360.0,3396967.0,1.82,1.0597587231428232
2614,東森,1426390.0,0.07973275191216989,0.42,3002431.0,1391836.0,0.21,0.3696168687654334
1598,岱宇,1499287.0,-0.07649702825409678,-0.71,1671420.0,1586347.0,-0.81,-0.726034337747554
6585,鼎基,864610.0,0.2605452169186107,3.2,709287.0,820126.0,2.27,3.012601479663275
2851,中再保,5881257.0,0.13630912575321907,1.0,8003888.0,5069055.0,0.29,0.8632785159474794
1313,聯成,20381510.0,-0.028047970930514962,-0.43,13672334.0,16796983.0,-0.55,-0.3445800043389476
2509,全坤建,584759.0,0.11156390923440254,0.28,2245505.0,711764.0,0.39,0.3536272432807555
2885,元大金,,,0.63,129428640.0,30997103.0,0.73,
1568,倉佑,260460.0,0.10546341088842817,0.27,1030865.0,242359.0,0.29,0.2479471783357526
2845,遠東銀,,,0.28,42753997.0,3376409.0,0.24,
2231,為升,981657.0,0.0007833693438746935,0.13,1409176.0,1152748.0,0.6,0.006408194891290124
4916,事欣科,911349.0,-0.09968958104963083,-0.92,983789.0,881025.0,0.26,-0.892762707696986
2607,榮運,5220782.0,0.1471407923180857,0.69,10671411.0,6459113.0,0.71,0.8906029432209548
8201,無敵,143080.0,-0.09207436399217221,-0.21,623663.0,118724.0,-0.18,-0.17527794322585522
2069,運錩,2836271.0,0.04560354070538394,0.78,1663868.0,2675181.0,0.59,0.7332175727147208
1532,勤美,6731288.0,0.155369225027959,2.29,3907833.0,3418782.0,0.03,1.3592533505897917
6192,巨路,1827009.0,0.12693205123784285,2.42,961558.0,1992862.0,2.12,2.6307103835020866
1612,宏泰,1827522.0,0.1552982672712011,0.9,3160801.0,1537983.0,0.44,0.7556505296997935
3708,上緯投控,1927104.0,0.05214404619574242,0.76,1065164.0,2107028.0,0.45,1.0314746402218133
5607,遠雄港,847740.0,0.18601457994196333,0.4,3632872.0,896075.0,0.65,0.4588188483422889
4938,和碩,253714792.0,0.024468652186428293,2.1,26637766.0,294230777.0,1.61,2.7027155899468243
8039,台虹,2880719.0,0.09428965477021535,1.25,2339347.0,2853719.0,0.63,1.1502191821957333
4739,康普,1103843.0,0.06914842056343158,0.48,1190293.0,997040.0,0.34,0.5792165562476116
1616,億泰,1129217.0,-0.01040189795229792,-0.06,1941485.0,1197680.0,0.42,-0.06416812460311655
6949,沛爾生醫-創,5014.0,-20.482249700837656,-1.78,583876.0,4980.0,-1.75,-1.7469737326105461
3413,京鼎,3720950.0,0.1871242559023905,6.77,1038291.0,4611910.0,5.5,8.311737528677353
9914,美利達,9322709.0,0.07566019705216584,2.19,2989838.0,8721778.0,2.31,2.207114372501938
4720,德淵,901632.0,0.040118363145939806,0.32,1055045.0,936348.0,0.4,0.35604878554918934
2365,昆盈,263528.0,0.14959321210649343,0.17,2215285.0,264701.0,0.22,0.17874663006250174
3044,健鼎,15799072.0,0.12589960979986672,3.78,5256059.0,17674460.0,4.43,4.233604716810356
1419,新紡,888171.0,0.24032083911769242,0.71,3000413.0,1135748.0,0.8,0.9096878075992902
2838,聯邦銀,,,0.21,42531719.0,5107804.0,0.38,
1219,福壽,3469973.0,0.010204113980137597,0.17,3416024.0,3531171.0,0.04,0.10548073247540547
2349,錸德,1917014.0,0.024004519528808867,0.01,6936797.0,1813693.0,-0.01,0.06276214950180024
2481,強茂,3280543.0,0.10197397199183184,0.74,3821149.0,3335069.0,0.66,0.8900208623030053
3596,智易,12166975.0,0.04801694751571364,2.66,2203543.0,12166691.0,2.99,2.651218347846652
3711,日月光投控,140238063.0,0.05822339402962233,1.8,43901781.0,160105106.0,2.23,2.1233449897607684
1535,中宇,2619438.0,0.04616524613294913,0.97,1237426.0,2591423.0,0.92,0.9667946255338535
6271,同欣電,3068911.0,0.1435877417103331,2.11,2090581.0,3067551.0,2.53,2.106891436740667
4960,誠美材,2512817.0,-0.0028223304761150533,-0.02,5721849.0,2330028.0,-0.4,-0.0114929789908846
1225,福懋油,3040753.0,0.048462666977554573,0.59,2296382.0,3172625.0,0.3,0.6695483104277253
4133,亞諾法,91778.0,0.19933971104186188,0.3,605536.0,90433.0,0.05,0.2977013437458499
5388,中磊,13710678.0,0.039809409862882054,1.84,2993346.0,13461924.0,1.83,1.7903418116681757
3092,鴻碩,536680.0,-0.07400126704926585,-0.37,1065520.0,529307.0,-1.11,-0.3676081974814716
6869,雲豹能源,1013380.0,0.13514278947680042,1.13,1324215.0,618501.0,0.01,0.6312113247032434
2390,云辰,175525.0,0.2214556331006979,0.2,1926194.0,166197.0,-0.48,0.191077647705458
1325,恆大,77015.0,-0.08423034473803805,-0.07,852812.0,71453.0,-0.22,-0.07057253911257151
3416,融程電,740249.0,0.18060274313102753,1.71,797465.0,783726.0,2.01,1.7749125725029649
2442,新美齊,119751.0,0.5408890113652496,0.25,2618192.0,136986.0,0.02,0.2829976644603607
4968,立積,1012030.0,0.07502445579676492,0.83,906752.0,908772.0,-0.19,0.7519159014078564
5471,松翰,724398.0,0.10173136866750046,0.44,1678770.0,691410.0,0.14,0.41898583850316895
1714,和桐,4866356.0,0.007203747526896923,-0.02,10168248.0,5044489.0,0.08,0.03573794144105133
2201,裕隆,22898356.0,0.09173907506722316,1.16,10700013.0,21394507.0,1.21,1.8343083169144105
1515,力山,1464973.0,0.06606811183550823,0.53,1814735.0,1451585.0,0.05,0.5284709895315085
3055,蔚華科,166393.0,-0.08442061865583288,-0.12,1149749.0,220693.0,-0.43,-0.16204440789260724
1416,廣豐,76222.0,0.7536538007399438,0.28,1853422.0,83192.0,0.23,0.33828219904132684
1455,集盛,2698461.0,0.02291120753644392,0.12,5316884.0,2376027.0,-0.12,0.1023863746306939
5469,瀚宇博,10400730.0,0.1378660920916128,1.76,5284413.0,11807997.0,1.56,3.0806116059049273
2204,中華,11629972.0,0.108713417366783,2.21,5536203.0,8351218.0,1.49,1.6399135796772457
2537,聯上發,904296.0,0.14399267496483453,0.44,3005579.0,275840.0,0.08,0.1321507086065612
2383,台光電,15449067.0,0.15751999780957646,7.07,3445601.0,17463540.0,7.31,7.9836776880069715
6674,鋐寶科技,203955.0,-0.11180897747052046,-0.34,673357.0,249766.0,-0.5,-0.41472920110583267
1604,聲寶,2430738.0,0.10320199050658689,0.66,3842000.0,2264506.0,0.47,0.6082809128425535
1907,永豐餘,19728212.0,0.006455171913197202,0.01,16603715.0,20062915.0,0.47,0.07800035438145188
1614,三洋電,1534283.0,0.01277469671501281,0.07,2691134.0,1611256.0,0.32,0.07648562550302095
1712,興農,4896500.0,0.047235372204635966,0.55,4204926.0,4662753.0,0.58,0.5237829951187797
4770,上品,1588619.0,0.25202770456604134,5.01,799760.0,1772441.0,5.27,5.585478602439968
1615,大山,1418724.0,0.12892359613286306,1.12,1872988.0,1683652.0,0.88,1.1589100970016208
2402,毅嘉,2383101.0,0.07577312082030933,0.6,3075366.0,2631082.0,0.77,0.648265261026301
1521,大億,1001035.0,0.03490287552383283,0.46,762300.0,802631.0,-0.02,0.36749481679875995
6526,達發,4898673.0,0.1634344648030191,4.79,1675056.0,5564622.0,5.09,5.429376799349429
4588,玖鼎電力,249842.0,0.22135989945645648,1.3,428570.0,250886.0,0.84,1.2958466466395815
2409,友達,74327946.0,-0.0031492192721160354,-0.03,76993961.0,77748135.0,-0.12,-0.031800666173426154
2254,巨鎧精密-創,198383.0,-0.02956402514328345,-0.09,639077.0,173959.0,-0.04,-0.08047431295290623
6799,來頡,242500.0,0.11911340206185567,0.7,426808.0,221035.0,0.55,0.6168635738960437
4536,拓凱,2321432.0,0.1793797966083004,4.33,908200.0,2600104.0,3.52,5.1355001836647025
1810,和成,1263375.0,0.021077668942317204,0.09,3023037.0,1159054.0,0.16,0.0808132897422973
6698,旭暉應材,189458.0,-0.11210400194238301,-0.38,663898.0,206122.0,-0.29,-0.3480519761826044
2634,漢翔,8802426.0,0.06483860244891579,0.61,9418671.0,8638846.0,0.26,0.5947024812857423
6582,申豐,468618.0,0.08346457028966023,0.37,1061741.0,565849.0,0.94,0.444819816074108
9911,櫻花,2297641.0,0.13318747358703992,1.4,2211212.0,2463467.0,1.53,1.4838149666112723
2247,汎德永業,15749664.0,0.03475077309585779,6.79,807087.0,14335174.0,6.22,6.172300866742249
3356,奇偶,287818.0,0.7172310279412685,2.28,898221.0,265047.0,0.19,2.11640489659838
3583,辛耘,2372649.0,0.09546334076384666,2.82,803280.0,2500530.0,3.0,2.9716779638509796
4942,嘉彰,1506936.0,0.13203082280866607,1.4,1423676.0,1417377.0,0.44,1.3144665748392097
2477,美隆電,714471.0,0.11637141325540155,0.57,1585732.0,864203.0,0.73,0.6342088350967111
3705,永信,1975619.0,0.18347616620411122,1.26,2664230.0,2100117.0,0.82,1.4462768444919525
9906,欣巴巴,636252.0,0.06763515085217807,0.52,858162.0,2220544.0,3.81,1.7500987973587612
1618,合機,983216.0,0.17822838521749035,0.91,1926917.0,1346191.0,1.18,1.2451467713675188
6405,悅城,43473.0,-0.24116118050284086,-0.16,658000.0,30892.0,-0.51,-0.11322114267619696
2488,漢平,700841.0,0.1584938666544908,1.38,799994.0,998263.0,1.66,1.9777468682029111
2524,京城,1294875.0,0.27208572256009267,0.95,3694196.0,1252952.0,1.06,0.9228269162034534
2404,漢唐,11371299.0,0.10549533522951071,6.36,1905867.0,11153833.0,9.31,6.173974109573118
3022,威強電,1630926.0,0.1560052387416719,1.43,1765978.0,1867413.0,1.67,1.6496593439686214
2433,互盛電,698968.0,0.1396887983426995,0.65,1444960.0,680846.0,1.45,0.6581951029539475
8367,建新國際,764390.0,0.20416802940907128,1.18,877360.0,739771.0,0.94,1.7215007213000144
3002,歐格,160384.0,0.0496932362330407,0.08,1020000.0,146582.0,0.02,0.07141307797560364
2413,環科,698264.0,-0.05690111476461625,-0.32,1273592.0,742878.0,-0.41,-0.3319005327774404
1786,科妍,210557.0,0.3220505611307152,1.0,702893.0,222203.0,0.82,1.0180866907897548
6534,正瀚-創,400729.0,0.32387972919354474,1.26,1028000.0,134816.0,-0.89,0.4247487312349895
2910,統領,201722.0,0.2795976641119957,0.32,1754030.0,125776.0,0.22,0.20049073163714629
3003,健和興,1160217.0,0.16098798759197633,1.19,1556549.0,1168965.0,0.8,1.209016374784569
2106,建大,9121735.0,0.046639043997660536,0.44,9548900.0,8810823.0,0.19,0.4303410461441626
1905,華紙,5406616.0,-0.030231849275036363,-0.17,11028353.0,5008940.0,0.07,-0.13730927828271425
6770,力積電,11123224.0,-0.176018751397976,-0.47,41486416.0,11650773.0,-0.69,-0.49431951805170415
1530,亞崴,458273.0,0.10120168545823123,0.49,965942.0,570441.0,0.59,0.5976506938768464
1449,佳和,698751.0,0.041986344205589686,0.32,879709.0,642293.0,0.12,0.3065506318434939
6225,天瀚,9438.0,-0.02267429540156813,-0.01,278000.0,16579.0,-0.08,-0.013522199405129425
2534,宏盛,300015.0,-0.19529023548822558,-0.12,4742280.0,307765.0,,-0.12673966810275594
6531,愛普*,944844.0,0.3920181532612791,2.29,811195.0,1268087.0,2.07,6.128158136017056
2881,富邦金,,,3.63,152657119.0,69936573.0,2.64,
3296,勝德,382694.0,0.003248025837875692,0.01,967244.0,401097.0,-0.04,0.013468922210883982
1536,和大,1646061.0,0.0295359649490511,0.15,2795175.0,1456858.0,-0.3,0.15394280080404513
6558,興能高,282659.0,0.013882452000466994,0.04,937509.0,331794.0,0.01,0.049131413981550534
3528,安馳,1337472.0,0.0776696633649153,1.56,666260.0,1373386.0,0.91,1.6010330545145675
2104,國際中橡,4636644.0,-0.303757847270569,-1.46,9847336.0,5079480.0,0.01,-1.5668521009681295
8101,華冠,14832.0,-2.6302588996763756,-0.54,728311.0,34073.0,-0.94,-1.2305294234011726
6789,采鈺,2453281.0,0.17265857437448054,1.34,3170201.0,2750883.0,1.82,1.49821269077574
3013,晟銘電,2604950.0,0.0741557419528206,0.97,2029165.0,2663229.0,0.81,0.973275817813083
1609,大亞,7617354.0,0.1337650843061777,1.24,7736571.0,7818330.0,0.26,1.351786950037062
2449,京元電子,4305661.0,0.4599214847615732,1.56,12227451.0,7038742.0,2.02,2.647541725167122
9939,宏全,7495233.0,0.12190628363387769,3.01,2877859.0,7894551.0,2.99,3.3441366424418733
9935,慶豐富,1288214.0,0.07492621567534587,0.56,1738389.0,1564465.0,0.65,0.6742992621704922
2364,倫飛,304526.0,0.14836500003283792,1.48,403000.0,367753.0,0.91,1.3538876887611972
2313,華通,16884077.0,0.06819508108142364,0.97,11918206.0,20190965.0,1.51,1.155311877716484
2359,所羅門,760162.0,0.036803997042735626,0.14,1714711.0,962422.0,-0.33,0.20657111572657844
4438,廣越,4132785.0,0.05917970569482806,2.07,1034255.0,6586668.0,3.78,3.768868158718515
5434,崇越,13791780.0,0.07427619930132297,5.41,1887641.0,15366524.0,4.93,6.046525791676292
2356,英業達,154158798.0,0.011752147937738851,0.51,35874751.0,163815390.0,0.56,0.5366400167511646
1443,立益物流,216886.0,0.22795385594275333,0.42,1353430.0,240632.0,0.42,0.40528872762696716
6257,矽格,4548589.0,0.1891025986300367,1.63,4704023.0,4588274.0,1.01,1.844494673233173
4566,時碩工業,1259984.0,0.07697478698142199,1.15,1024853.0,1284678.0,0.24,0.96489755496368
2030,彰源,3408461.0,0.03403735586236721,0.41,2805260.0,3122091.0,0.36,0.37881594719096945
9931,欣高,619407.0,0.19379341854386534,0.95,1203693.0,336922.0,0.52,0.5424411885973931
2432,倚天酷碁-創,596548.0,0.051457720082876815,0.5,618600.0,709689.0,0.43,0.5903488184270411
2345,智邦,24412390.0,0.10573147487812541,4.62,5605784.0,28192739.0,4.75,5.317471874271371
1473,台南,1634594.0,0.054518124990058696,0.61,1461535.0,1825980.0,0.5,0.68112639019488
1730,花仙子,602161.0,0.11942155005056787,1.04,632339.0,628390.0,1.08,1.1867575436004476
1464,得力,2775805.0,0.047392738322756825,0.25,4076396.0,3214962.0,0.28,0.3737758863064505
1235,興泰,23550.0,2.4661146496815287,0.6,1571480.0,32832.0,0.65,0.5152307135842896
6756,威鋒電子,495028.0,0.10566877025137972,0.76,695834.0,446761.0,0.42,0.6784475243560484
2466,冠西電,317599.0,-0.09380382180044647,-0.18,1714587.0,444957.0,-0.19,-0.24343277498815316
3257,虹冠電,235945.0,0.27042319184555724,0.8,799866.0,217951.0,0.52,0.7368609877895927
5007,三星,1711475.0,0.18159832892680292,1.05,2949401.0,1780944.0,0.86,1.0965496190996615
6805,富世達,1718874.0,0.14911796908906644,3.74,685539.0,1988280.0,4.87,4.324892902962619
2031,新光鋼,3669992.0,0.40087389836272125,4.52,3211463.0,3362914.0,-2.08,4.1977891230214155
9904,寶成,65327340.0,0.07685609118632414,1.16,29467872.0,66804858.0,1.94,1.7423586807141809
2612,中航,1127592.0,0.16191140057751385,0.93,1974846.0,1218599.0,0.59,0.999090920671069
2453,凌群,1548635.0,0.03662903137278958,0.57,1000000.0,1712935.0,0.66,0.6274314985454932
2753,八方雲集,1914118.0,0.07019577685388258,2.1,664948.0,2050549.0,2.18,2.1646787422768705
8222,寶一,204689.0,0.12051453668736474,0.36,685735.0,230060.0,0.23,0.40431907821964946
5292,華懋,454097.0,0.1901421942888854,2.03,382800.0,533508.0,2.23,2.6500099736330895
3530,晶相光,426937.0,-0.016185057748567117,-0.09,786551.0,569600.0,1.22,-0.11720802457289901
2801,彰銀,,,0.31,112057583.0,11317171.0,0.34,
1617,榮星,934319.0,0.04426218454296659,0.28,1679507.0,893455.0,-0.13,0.23546356216935216
3454,晶睿,1679665.0,0.01873826030785901,0.3,865679.0,1893557.0,1.11,0.4098743757647879
6754,匯僑設計,1365372.0,0.11729843588414,2.43,660000.0,1411330.0,1.67,2.50828487146005
4956,光鋐,336913.0,0.006316170643459885,0.02,1004082.0,358814.0,0.0,0.02257116902068173
2722,夏都,167638.0,-0.04012813323948031,0.0,1211697.0,189770.0,0.11,-0.06284670049406889
3059,華晶科,1704446.0,0.06419798573847456,0.28,2788000.0,1880730.0,0.28,0.4330669932493589
4764,雙鍵,687563.0,-0.017550391745920012,-0.15,855421.0,734164.0,-0.26,-0.15062601696418043
4766,南寶,5783181.0,0.1200989559206257,5.57,1205707.0,6087994.0,5.48,6.0641741571628405
2609,陽明,52589220.0,0.26554092264536344,3.97,34921043.0,72838388.0,8.13,5.538658382431754
3037,欣興,27877397.0,0.06210888340830387,1.05,15251062.0,31712154.0,0.65,1.291455293678681
2258,鴻華先進-創,3604764.0,-0.04158496922406016,-0.09,17413140.0,2500653.0,-0.32,-0.05971902715136599
2478,大毅,1265261.0,0.10164385055731584,0.89,1447313.0,1327130.0,0.4,0.9320347664266857
1809,中釉,619132.0,0.005042543431772223,0.04,1670419.0,561769.0,0.12,0.01695828759804127
3229,晟鈦,247639.0,0.06727131025403915,0.26,642630.0,225262.0,-0.19,0.2358070723502695
3062,建漢,765466.0,0.025722892982836598,0.05,3304954.0,1041147.0,0.02,0.08103384452673584
1517,利奇,511360.0,-0.04313986232790989,-0.1,2256850.0,574247.0,-0.16,-0.1097677582569301
8261,富鼎,733811.0,0.18499313856020147,1.15,1184432.0,807304.0,1.31,1.2609056554720313
2208,台船,3952065.0,-0.05757066242584573,-0.17,12745394.0,3546762.0,-0.55,-0.160206454038861
3447,展達,488514.0,-0.03191310791502393,-0.21,770841.0,792594.0,1.18,-0.3281369031330777
3617,碩天,3261764.0,0.19059717379920804,6.77,917336.0,3442088.0,5.33,7.151711529561343
6230,尼得科超眾,2027502.0,0.011886054859625293,0.28,863434.0,2143633.0,-0.37,0.29509307528894096
3376,新日興,3479892.0,0.11786917525026638,2.18,1877483.0,3668034.0,1.77,2.3028072284539225
8104,錸寶,598770.0,0.040017034921589256,0.23,916517.0,595886.0,0.32,0.2601761982733123
3703,欣陸,8684012.0,0.06494221795179463,0.79,8232160.0,8189981.0,0.68,0.6460947444207314
1470,大統新創,186656.0,0.12554645979770274,0.28,857670.0,196550.0,0.13,0.2877115519166868
2476,鉅祥,1648461.0,0.1988339426895753,1.41,2072921.0,1861908.0,1.36,1.7859364084075648
2886,兆豐金,,,0.58,148333783.0,21904013.0,0.6,
2867,三商壽,35370456.0,0.09214175808194273,0.64,50995011.0,28425055.0,-0.72,0.5136060351621292
2367,燿華,5129163.0,0.1091731730888646,0.84,6694072.0,4759316.0,0.52,0.7761936672515664
9955,佳龍,352221.0,-0.06969487906740371,-0.23,1032082.0,288899.0,-0.22,-0.19508896451729482
4532,瑞智,6158617.0,0.056589490789896495,0.65,5049151.0,4975025.0,0.3,0.5575870704144218
6115,鎰勝,1954608.0,0.08611547686287992,0.93,1876622.0,1955054.0,0.8,0.8971460821768094
1437,勤益控,191646.0,1.1335117873579412,1.06,2033713.0,269052.0,0.88,1.4995902244428236
3231,緯創,240206609.0,0.029446733499326822,1.55,28968371.0,272914678.0,1.47,2.774213914590017
1474,弘裕,798632.0,0.027474481363130954,0.17,1298970.0,760260.0,-0.01,0.1608023988324129
9905,大華,2199033.0,0.05206697671203661,0.38,3050000.0,2467989.0,0.6,0.42131385504446733
1220,台榮,812847.0,0.09690015464164843,0.43,1770779.0,834595.0,0.34,0.4567051256150348
6834,天二科技,332836.0,0.08610246487759737,0.33,884711.0,347520.0,0.2,0.33821585347376304
3308,聯德,34029.0,0.08748420464897587,0.05,600000.0,1009.0,0.54,0.0014711927081802775
3266,昇陽,259105.0,-0.16283360027787963,-0.12,3523143.0,508471.0,0.13,-0.23500653696683257
6168,宏齊,491843.0,-0.019329338833733528,0.01,2060698.0,524169.0,0.04,-0.04916703081741852
6206,飛捷,1206180.0,0.21413553532640237,1.87,1430623.0,1097104.0,1.32,1.642144382892889
6184,大豐電,534412.0,0.2340927973174255,0.85,1582306.0,526803.0,1.04,0.779373824691379
1324,地球,205605.0,0.005539748546971134,0.02,751219.0,182484.0,-0.03,0.0134570008725216
2642,宅配通,1003409.0,0.012353885603976046,0.13,954670.0,1018223.0,0.01,0.13176291767141843
2520,冠德,10344329.0,0.24163355593195074,4.4,5541701.0,7003612.0,2.51,3.05376936057662
6235,華孚,1662596.0,0.12133915876135874,1.04,1941702.0,1367587.0,0.65,0.8546206169276764
6505,台塑化,170616350.0,0.01595784343059736,0.28,95259597.0,173189705.0,-0.32,0.29012658915419776
1727,中華化,535363.0,0.0512250566438099,0.23,1239394.0,590894.0,0.23,0.24422079355303808
2388,威盛,2959012.0,0.031934307802739564,0.13,5003312.0,5287992.0,0.59,0.3375131596558927
3443,創意,6719781.0,0.13503297205667864,6.78,1340119.0,6611397.0,7.71,6.661770979716048
2906,高林,2305633.0,0.04170134622465935,0.12,2091167.0,2221882.0,0.04,0.4430802061831435
4994,傳奇,384772.0,0.08018774754919797,0.47,663834.0,400438.0,1.19,0.48370859662363996
1736,喬山,10307812.0,0.028320268161662242,0.97,3036166.0,12075968.0,1.57,1.1264030098211102
1611,中電,302663.0,0.15657017871361878,0.14,3227358.0,277326.0,0.11,0.13454033107555172
1465,偉全,117870.0,0.17985068295579876,0.21,1036073.0,143944.0,-0.15,0.2498706819634282
1410,南染,54429.0,0.11201749067592644,0.11,630000.0,66052.0,0.09,0.11744411577978243
6449,鈺邦,818100.0,0.12242024202420242,1.21,889535.0,921494.0,1.33,1.268185270999459
1441,大東,436413.0,0.43990211107368477,2.94,717444.0,519349.0,0.09,3.184397966726422
2739,寒舍,1149459.0,0.306193609341438,3.85,1015260.0,1126982.0,-0.98,3.3988799543253205
5706,鳳凰,848785.0,0.072827630083001,0.67,810815.0,841839.0,1.34,0.7561421444033902
2706,第一店,83094.0,1.2713794016415145,0.21,4999984.0,97146.0,0.28,0.24701963716657208
2424,隴華,23514.0,-2.664285106744918,-1.08,562750.0,26321.0,-0.83,-1.246142128736259
6670,復盛應用,6142405.0,0.12858009199979487,5.56,1348273.0,7029555.0,6.09,6.703841348284939
8926,台汽電,2382796.0,0.1706902311402235,0.56,7302820.0,2120601.0,0.34,0.4956521930517103
6743,安普新,1808832.0,0.05946102236139122,0.72,1500000.0,2464608.0,1.79,0.9769874093337578
3138,耀登,419242.0,0.1013424227534455,0.86,502934.0,470844.0,1.04,0.9487620979874752
1732,毛寶,152387.0,0.033388674886965425,0.12,424439.0,143432.0,0.08,0.11283139429664155
4771,望隼,729770.0,0.26429422968880606,2.99,578867.0,742445.0,2.48,3.389792981139115
1516,川飛,252451.0,0.041726909380434225,0.27,400083.0,50517.0,-0.38,0.05268702447170701
1339,昭輝,441967.0,0.1941954942337324,1.22,741239.0,475788.0,1.05,1.246505996183135
4583,台灣精銳,748835.0,0.38661253814258145,3.61,801714.0,758747.0,3.14,3.658924547632563
4426,利勤,236434.0,-0.23933106067655244,-0.33,1726773.0,231830.0,-0.61,-0.32131681348182506
4722,國精化,1106894.0,0.06145213543482935,0.68,1000092.0,1058656.0,0.55,0.6505068722766976
1541,錩泰,811565.0,0.03739934570860005,0.38,788000.0,716447.0,-0.21,0.34003361719402764
5531,鄉林,196547.0,-2.589161879855709,-0.44,9775892.0,1062219.0,0.25,-2.813305366772108
3550,聯穎,869071.0,-0.005042165714884054,-0.05,875500.0,846380.0,-0.85,-0.048744582727168084
5519,隆大,724455.0,0.1438874740322035,0.47,2191972.0,490337.0,0.18,0.32187159486767425
2495,普安,321281.0,0.482895035809774,0.57,2735515.0,301092.0,0.67,0.5315117340684897
1308,亞聚,1494815.0,-0.04812568779414175,-0.12,5937438.0,1422344.0,-0.36,-0.11528757568478315
4545,銘鈺,640604.0,0.12592803042128992,1.05,770000.0,656904.0,0.65,1.074319829816455
2903,遠百,7848419.0,0.08153514739720191,0.38,14169406.0,7690487.0,0.31,0.4425344231799591
1466,聚隆,695684.0,0.009252764186038489,0.06,1111573.0,806050.0,-0.01,0.06709582341561304
1104,環泥,2092080.0,0.1895611066498413,0.55,6866818.0,1872787.0,0.69,0.5169899307647826
6196,帆宣,15399089.0,0.02341833338322806,1.84,2013154.0,15611776.0,2.68,1.8160646183663973
9944,新麗,630847.0,-0.052924084603715324,-0.35,1091071.0,491296.0,-0.84,-0.23831071552141816
4572,駐龍,212886.0,0.34086788234078336,1.87,390000.0,223359.0,1.54,1.952202803378334
6706,惠特,169049.0,-0.7268898366745736,-1.67,735769.0,212980.0,-1.36,-2.104097854285118
2901,欣欣,32584.0,0.2084765529094034,0.09,730433.0,33808.0,0.11,0.09649311163051381
3607,谷崧,779844.0,0.04694015726222168,0.29,1216622.0,851276.0,-0.17,0.3284424358063147
2945,三商家購,3481351.0,0.006160539399790483,0.4,675000.0,3751248.0,0.64,0.3423660904057074
1708,東鹼,1619593.0,0.17849916614853237,1.16,2490017.0,1620737.0,1.17,1.1618402727614867
2338,光罩,1997876.0,-0.15997839705767525,-1.15,2564465.0,1795916.0,-0.96,-1.1203419150982055
3004,豐達科,866323.0,0.10877467180254939,1.73,546222.0,868212.0,1.3,1.7289577379716492
5876,上海商銀,,,0.31,48616031.0,12882070.0,0.98,
5269,祥碩,2106353.0,0.44425269648534693,13.17,746624.0,2126812.0,13.06,12.654856606771196
1529,樂事綠能,207366.0,0.21619744799050952,0.26,1550951.0,152202.0,-0.06,0.21216456212382936
2355,敬鵬,4168378.0,0.08153051378737725,0.85,3974954.0,4065192.0,0.66,0.8338139067881933
2316,楠梓電,743874.0,0.23664088273013978,0.97,1827405.0,856373.0,1.04,1.1089652412369344
1234,黑松,2279220.0,0.10955677819604953,0.62,4018711.0,3057114.0,0.91,0.8334203689144051
8103,瀚荃,802655.0,0.14196011985224039,1.41,868020.0,883187.0,0.57,1.4444060317958185
3432,台端,8526.0,-0.8499882711705372,-0.18,422300.0,17453.0,-0.23,-0.35128688839070293
2377,微星,46672024.0,0.04515210225294707,2.49,8448562.0,52086539.0,2.05,2.7836887921638214
1702,南僑,5873022.0,0.05354551711197404,1.09,2941330.0,5977273.0,0.57,1.0881341899903798
1110,東泥,604620.0,0.1140154146406007,0.1,5720008.0,890643.0,0.35,0.17752952608064276
6108,競國,1327696.0,0.00048128487244067917,0.0,1598993.0,1359690.0,2.27,0.00409256468420354
2633,台灣高鐵,13124573.0,0.12250333782287622,0.29,56282930.0,13247645.0,0.25,0.28834332732722634
2428,興勤,1949789.0,0.22429452622822266,3.41,1281127.0,1976758.0,2.96,3.4608278420316565
3535,晶彩科,414572.0,0.26240315313142226,1.38,790523.0,120664.0,-0.31,0.400527423863062
6176,瑞儀,11948057.0,0.1507286917027597,3.87,4650273.0,14162512.0,3.64,4.59047652682893
1312,國喬,5053146.0,-0.055305942080438604,-0.23,11266203.0,4311542.0,-0.29,-0.2116541767704509
1316,上曜,372961.0,0.17033684487117956,0.06,3002543.0,363601.0,-0.11,0.2062739722029152
2611,志信,165330.0,0.4375007560636303,0.37,1890023.0,169935.0,0.33,0.3933639483840833
3033,威健,22536800.0,0.016018378829292534,0.85,4507764.0,24010557.0,0.76,0.8532172445769602
1558,伸興,2062607.0,0.12861490337228565,2.06,665356.0,2442964.0,2.04,4.722307739044548
1806,冠軍,830360.0,0.006250301074232863,0.01,3904039.0,885117.0,0.18,0.014170574976125415
2891,中信金,,,0.78,201210999.0,50197002.0,1.1,
6581,鋼聯,702774.0,0.4044927672338476,2.55,1112709.0,491895.0,1.41,1.7881402032201903
2880,華南金,,,0.4,137791734.0,18083683.0,0.49,
1533,車王電,657179.0,-0.1360694727007406,-0.52,985475.0,577931.0,-0.6,-0.797978299068081
1711,永光,2201656.0,0.05901103532976996,0.22,5477522.0,2035816.0,0.08,0.21932474191963258
2731,雄獅,7421814.0,0.0396971683742007,3.15,932777.0,8015300.0,0.9,3.411155224343341
8131,福懋科,2337549.0,0.12126932954132726,0.64,4422222.0,2080389.0,0.27,0.5704991273960291
1323,永裕,791755.0,0.05872523697355874,0.29,912745.0,567534.0,1.98,0.3651465484943954
1603,華電,1141468.0,0.07140804648049705,0.51,1916880.0,1171124.0,1.02,0.4362697561997914
4119,旭富,392716.0,0.15836635125637866,0.52,1195087.0,419294.0,3.19,0.555625330069627
2820,華票,,,0.18,13429600.0,645665.0,0.31,
1409,新纖,,,0.27,16184093.0,11585094.0,0.34,
3038,全台,938903.0,0.09114892592738547,0.57,1574076.0,870627.0,0.49,0.504147931442839
6216,居易,376530.0,0.2689427137279898,1.08,944979.0,337156.0,0.72,0.9595520068665455
2328,廣宇,5446118.0,0.0604650872419584,0.53,5183462.0,6015142.0,0.55,0.7016663492522336
3605,宏致,2454508.0,0.02733663935908948,0.5,1344177.0,2688732.0,0.96,0.5468096613559328
3015,全漢,2898071.0,0.030283937143016856,0.44,1872620.0,3123488.0,0.96,0.5051292534468682
1522,堤維西,5187834.0,0.11309710372382771,1.65,3428979.0,4787846.0,1.3,1.5791625311082793
3669,圓展,732003.0,0.11515799798634704,0.91,929200.0,724818.0,0.69,0.8982844359068886
3702,大聯大,207973513.0,0.008038653460645251,0.73,18790568.0,259068457.0,1.22,1.1083015417134146
8046,南電,8120606.0,0.014604451933759623,0.19,6461655.0,9191871.0,0.09,0.20775209787712126
2397,友通,2167776.0,0.03745082517750912,0.64,1144889.0,2524804.0,0.8,0.8258965996832509
3652,精聯,701110.0,0.046054114190355294,0.43,750975.0,589667.0,0.26,0.3616177815810677
2344,華邦電,21483983.0,0.07971571193293162,0.41,41800002.0,21312431.0,-0.01,0.4064439064348565
1436,華友聯,2021757.0,0.318084715423268,5.84,1144407.0,4083498.0,12.87,11.349968142990074
2834,臺企銀,,,0.41,91679828.0,9509428.0,0.21,
2347,聯強,100209135.0,0.019382554295074995,1.09,16679470.0,108478356.0,1.35,1.2605841942282785
2395,研華,14643762.0,0.14404508896006368,2.46,8631680.0,14949502.0,2.61,2.4947661932539784
3029,零壹,4328599.0,0.05534030756833793,1.27,1548492.0,4952122.0,1.33,1.7697989695518788
2618,長榮航,55373891.0,0.1484433340615345,1.44,54004443.0,57160044.0,1.67,1.571172117535591
2816,旺旺保,2708175.0,0.10917610568002437,1.32,2236080.0,2637520.0,0.65,1.2877632385834936
2474,可成,4672447.0,0.735229741503756,5.04,6803641.0,5120304.0,2.11,5.533213446066081
6277,宏正,1211679.0,0.0886744756655847,0.88,1194711.0,1260046.0,0.91,0.9352380480678368
6165,浪凡,721309.0,0.021717460894013524,0.19,777526.0,697424.0,0.24,0.1948009255837938
3014,聯陽,1616779.0,0.2503929108431022,2.51,1610801.0,1863470.0,3.08,2.89669349329182
1808,潤隆,5262652.0,0.32760877975591013,3.82,9922575.0,1980414.0,-2.05,0.653863552506805
2465,麗臺,719381.0,-0.1850326878246715,-1.59,839460.0,1008250.0,-1.12,-2.222371613885415
2812,台中銀,,,0.38,55187566.0,4876679.0,0.37,
6142,友勁,257221.0,0.059135918140431766,0.05,3307792.0,321233.0,-0.23,0.05742927122384151
2362,藍天,6620063.0,0.05990456586289285,0.68,6322630.0,7093815.0,0.1,0.6721125669012377
2461,光群雷,1356597.0,0.1827307593928042,1.47,1722334.0,1371577.0,0.22,1.4551724971794333
2535,達欣工,4336137.0,0.09839587632955324,1.69,2707940.0,3491866.0,0.92,1.2688066024187086
8213,志超,4748497.0,0.042473860676336114,0.79,2712425.0,4646825.0,0.73,0.727646285656988
1817,凱撒衛,722577.0,0.11268418452289514,1.12,726000.0,714690.0,1.01,1.1092873255739384
2460,建通,877278.0,0.00045025636115347703,0.0,1692000.0,807704.0,-0.33,0.0021493727182571396
2008,高興昌,391563.0,0.08683915487418371,0.18,1908523.0,345833.0,0.16,0.15735647643546125
6477,安集,235764.0,0.07954564734225751,0.15,1237825.0,298914.0,,0.19208941190930515
1737,臺鹽,803729.0,0.1046422363756938,0.5,2000000.0,838926.0,0.45,0.43893546396857647
9907,統一實,11620560.0,0.043321320142919104,0.33,15791453.0,12488560.0,0.29,0.3426036260780143
5484,慧友,175358.0,-0.018379543562312528,-0.05,668010.0,100411.0,-0.45,-0.02762695691135407
4106,雃博,584360.0,0.03652371825586967,0.21,1009116.0,541873.0,0.07,0.19612429871751974
3645,達邁,589783.0,0.19767100781134755,0.91,1322053.0,619045.0,0.48,0.925585048637049
8249,菱光,1025372.0,0.0554150103572167,0.5,1490550.0,1300129.0,1.95,0.48335622421735464
8996,高力,1000082.0,0.1657064120742099,1.84,906273.0,1209670.0,2.28,2.211806767870272
6243,迅杰,187375.0,0.06915543695797198,0.29,452688.0,174792.0,-0.16,0.2670231403694783
8011,台通,780487.0,0.0909265625180176,0.39,1659219.0,481421.0,0.14,0.26382265785280035
2514,龍邦,5547594.0,0.049547425424427236,0.43,3947293.0,7443738.0,0.91,0.9343569211456437
2484,希華,517813.0,0.08287547821317734,0.27,1594210.0,620071.0,0.18,0.322345742726009
6937,天虹,495573.0,0.18970363599308276,1.39,674773.0,563630.0,1.23,1.584572298458611
1773,勝一,2636817.0,0.1750678943589942,1.85,2500000.0,2876236.0,1.91,2.0141463207981443
2543,皇昌,3951949.0,0.23230689464869106,3.27,3307315.0,2934729.0,0.85,2.0613633132176963
9946,三發地產,789663.0,0.18296665792876202,0.45,3265542.0,251517.0,0.08,0.1409236962876865
9926,新海,564796.0,0.27476292325016466,0.87,1795041.0,511642.0,0.75,0.783159000700044
2702,華園,372813.0,0.09744027166434646,0.23,1566133.0,377810.0,-0.19,0.23506246939121225
6658,聯策,481924.0,0.03963488018857745,0.47,328700.0,327912.0,-0.27,0.39539862587151836
6226,光鼎,162193.0,-0.08018841750260493,-0.1,1166198.0,155561.0,-0.14,-0.10696460133804658
6239,力成,19586480.0,0.11810126168663282,2.45,7591466.0,18302252.0,2.28,2.847301236555231
4746,台耀,1214512.0,0.19418910640652376,2.36,1202560.0,1030886.0,0.19,1.664672292002026
1583,程泰,1245361.0,0.1602724029417976,1.52,1104004.0,1118375.0,1.53,1.6235869493229453
3048,益登,24631676.0,-0.0005353675486800005,-0.05,2698298.0,30644289.0,-2.37,-0.06080113420745784
3006,晶豪科,3579848.0,0.0687934236313944,0.88,2861722.0,3412509.0,0.74,0.8203388633939497
6136,富爾特,121601.0,-0.00810848594995107,-0.01,1155364.0,116003.0,0.8,-0.008141232508994341
1210,大成,24994943.0,0.04051075451542338,0.94,8947673.0,26148237.0,1.0,1.1838662522849355
3041,揚智,410004.0,-0.12604023375381704,-0.26,1951227.0,428478.0,-0.93,-0.276776957670061
3701,大眾控,3544996.0,0.023457854395322306,0.09,2347142.0,3443351.0,-0.1,0.34413608716467714
1315,達新,558998.0,0.10794671895069392,0.62,990990.0,509344.0,0.46,0.5548190558655712
3653,健策,3401156.0,0.2508135469234578,6.03,1428927.0,3593006.0,5.38,6.306652327076648
1435,中福,3058.0,-2.34107259646828,-0.05,1397801.0,2971.0,-0.09,-0.049759062156252996
2884,玉山金,,,0.39,159958000.0,22461447.0,0.52,
2459,敦吉,1271741.0,0.12108283054489868,1.48,1055956.0,1330888.0,1.3,1.5260833422816775
1710,東聯,6496668.0,-0.004943918944295753,0.01,8857031.0,6534374.0,0.06,-0.036474316740805826
1101,台泥,38968848.0,0.0900581408000565,0.25,77511817.0,40759371.0,0.42,0.473568200889903
6605,帝寶,5097758.0,0.15956308636070995,4.9,1658164.0,5058276.0,3.86,4.867516905591404
2882,國泰金,,,2.06,162025102.0,95082015.0,2.12,
2419,仲琦,2438863.0,0.019162207963300933,0.02,3213172.0,1960187.0,0.03,0.11689853808311215
6951,青新-創,157748.0,0.258209295838933,1.0,460000.0,208488.0,1.68,1.1702943406710318
2455,全新,875601.0,0.22935789246471852,1.09,1849059.0,805748.0,0.78,0.9994524952295304
1457,宜進,750205.0,0.08627375184116341,0.25,3167300.0,923144.0,0.65,0.25145422400675327
2915,潤泰全,642456.0,6.000510540799681,3.65,11043188.0,704913.0,3.19,3.8302688379901944
1802,台玻,10975630.0,-0.018346646160630416,-0.06,29080608.0,10125331.0,-0.37,-0.06387963591279183
2009,第一銅,889088.0,0.05947780197235819,0.15,3596222.0,796586.0,0.6,0.1317471067190872
5234,達興材料,1028213.0,0.13979885490652227,1.4,1027159.0,1073460.0,1.3,1.4610053437486834
1721,三晃,607849.0,-0.0661200396809076,-0.22,1848841.0,648094.0,-0.11,-0.23177764338284432
3034,聯詠,25231019.0,0.21356905957702302,8.86,6085115.0,27866327.0,8.64,9.780234640193003
9945,潤泰新,7426936.0,0.6365409638645062,1.55,28442251.0,8573945.0,1.3,1.9188590995914014
9940,信義,4285552.0,0.15973951546965245,0.92,7368465.0,2958101.0,0.55,0.6412809458283297
2491,吉祥全,51252.0,-0.25296573792242255,-0.05,820080.0,51104.0,-0.82,-0.15763780449209203
2375,凱美,1451088.0,0.13374171656026373,1.78,1086753.0,1380374.0,0.96,1.698763088348111
2363,矽統,50158.0,-2.6012600183420393,-0.16,4872331.0,212754.0,1.04,-1.1358597639247872
6928,攸泰科技,572715.0,-0.06526282706057987,-0.49,860000.0,448972.0,-0.35,-0.3407114185004961
6201,亞弘電,841015.0,0.1393768244323823,1.31,892000.0,925761.0,1.23,1.4465204973469359
5525,順天,1938969.0,0.1350253665736791,0.96,2972948.0,642596.0,0.34,0.29185428221004844
1783,和康生,174017.0,0.3432595665940684,0.67,890701.0,173941.0,0.56,0.6703361989370041
6691,洋基工程,3431213.0,0.13230918628485028,3.64,1057571.0,3767422.0,5.24,4.713296215683327
8110,華東,1904760.0,0.011976311976311976,0.12,5177399.0,1968261.0,-0.08,0.04552963329039888
2701,萬企,79504.0,1.0111063594284564,0.18,4499678.0,76628.0,0.26,0.1721880056979272
1304,台聚,13460094.0,-0.04682723612479972,-0.23,11887635.0,12904185.0,-0.62,-0.5083158407817019
